# www.mecabricks.com
mtllib Nicht benanntes Modell.mtl
o Part.1
v 15.96 0.02 7.96
v 15.96 9.58 7.96
v 14.8 0.02 6.8
v 14.8 8.5 6.8
v 3.003 0.02 1.244
v 2.298 0.02 2.298
v 1.244 0.02 3.003
v 2.217 0.02 0.918
v 1.697 0.02 1.697
v 0.918 0.02 2.217
v 0.918 8.5 2.217
v 1.697 8.5 1.697
v 2.217 8.5 0.918
v 1.244 8.5 3.003
v 2.298 8.5 2.298
v 3.003 8.5 1.244
v 11.003 8.5 1.244
v 10.298 8.5 2.298
v 9.244 8.5 3.003
v 10.217 8.5 0.918
v 9.697 8.5 1.697
v 8.918 8.5 2.217
v 8 0.02 2.4
v 8.918 0.02 2.217
v 9.697 0.02 1.697
v 10.217 0.02 0.918
v 9.244 0.02 3.003
v 10.298 0.02 2.298
v 11.003 0.02 1.244
v 3.7 8.5 6.8
v 3.7 8.5 6.4
v 3.7 0.15 6.4
v 3.7 0.15 6.8
v 14.8 0.15 4.3
v 14.4 0.15 4.3
v 14.4 0.15 3.7
v 14.8 0.15 3.7
v 14.8 8.5 3.7
v 14.4 8.5 3.7
v 14.4 8.5 4.3
v 14.8 8.5 4.3
v 0.4 8.5 3.173
v 0.4 8.5 6.8
v 0.4 2 6.8
v 0.4 2 3.173
v 12 9.58 7.96
v 12 0.02 6.8
v 12 0.02 7.96
v 12 8.5 6.8
v 8 0.02 7.96
v 8 0.02 6.8
v 12.3 8.5 6.4
v 12.3 8.5 6.8
v 11.7 8.5 6.8
v 11.7 8.5 6.4
v 11.7 0.15 6.4
v 11.7 0.15 6.8
v 12.3 0.15 6.8
v 12.3 0.15 6.4
v 12 8.5 6.4
v 12 0.15 6.4
v 12 0.15 6.8
v 8 8.5 2.4
v 4 9.58 7.96
v 4 0.02 6.8
v 8 9.58 7.96
v 4.997 8.5 1.244
v 5.702 8.5 2.298
v 6.756 8.5 3.003
v 5.783 8.5 0.918
v 6.303 8.5 1.697
v 7.082 8.5 2.217
v 7.082 0.02 2.217
v 6.303 0.02 1.697
v 5.783 0.02 0.918
v 6.756 0.02 3.003
v 5.702 0.02 2.298
v 4.997 0.02 1.244
v 4 0.02 7.96
v 4 8.5 6.8
v 8 0.02 3.25
v 4.3 8.5 6.8
v 4.3 8.5 6.4
v 4.3 0.15 6.4
v 4.3 0.15 6.8
v 4 8.5 6.4
v 4 0.15 6.4
v 4 0.15 6.8
v 8 8.5 6.8
v 8 8.5 3.25
v -15.96 0.02 7.96
v -15.96 9.58 7.96
v -14.8 0.02 6.8
v -14.8 8.5 6.8
v -3.003 0.02 1.244
v -2.298 0.02 2.298
v -1.244 0.02 3.003
v -2.217 0.02 0.918
v -1.697 0.02 1.697
v -0.918 0.02 2.217
v -0.918 8.5 2.217
v -1.697 8.5 1.697
v -2.217 8.5 0.918
v -1.244 8.5 3.003
v -2.298 8.5 2.298
v -3.003 8.5 1.244
v -11.003 8.5 1.244
v -10.298 8.5 2.298
v -9.244 8.5 3.003
v -10.217 8.5 0.918
v -9.697 8.5 1.697
v -8.918 8.5 2.217
v -8 0.02 2.4
v -8.918 0.02 2.217
v -9.697 0.02 1.697
v -10.217 0.02 0.918
v -9.244 0.02 3.003
v -10.298 0.02 2.298
v -11.003 0.02 1.244
v -3.7 8.5 6.8
v -3.7 8.5 6.4
v -3.7 0.15 6.4
v -3.7 0.15 6.8
v -14.8 0.15 4.3
v -14.4 0.15 4.3
v -14.4 0.15 3.7
v -14.8 0.15 3.7
v -14.8 8.5 3.7
v -14.4 8.5 3.7
v -14.4 8.5 4.3
v -14.8 8.5 4.3
v -0.4 8.5 3.173
v -0.4 8.5 6.8
v -0.4 2 6.8
v -0.4 2 3.173
v -12 9.58 7.96
v -12 0.02 6.8
v -12 0.02 7.96
v -12 8.5 6.8
v -8 0.02 7.96
v -8 0.02 6.8
v -12.3 8.5 6.4
v -12.3 8.5 6.8
v -11.7 8.5 6.8
v -11.7 8.5 6.4
v -11.7 0.15 6.4
v -11.7 0.15 6.8
v -12.3 0.15 6.8
v -12.3 0.15 6.4
v -12 8.5 6.4
v -12 0.15 6.4
v -12 0.15 6.8
v -8 8.5 2.4
v 0 0.02 3.25
v 0 0.02 2.4
v 0 8.5 2.4
v 0 8.5 3.25
v 0 2 3.25
v 0 0.02 7.96
v 0 9.58 7.96
v 0 0.02 6.8
v 0 8.5 6.8
v 0 2 6.8
v -4 9.58 7.96
v -4 0.02 6.8
v -8 9.58 7.96
v -4.997 8.5 1.244
v -5.702 8.5 2.298
v -6.756 8.5 3.003
v -5.783 8.5 0.918
v -6.303 8.5 1.697
v -7.082 8.5 2.217
v -7.082 0.02 2.217
v -6.303 0.02 1.697
v -5.783 0.02 0.918
v -6.756 0.02 3.003
v -5.702 0.02 2.298
v -4.997 0.02 1.244
v -4 0.02 7.96
v -4 8.5 6.8
v -8 0.02 3.25
v -4.3 8.5 6.8
v -4.3 8.5 6.4
v -4.3 0.15 6.4
v -4.3 0.15 6.8
v -4 8.5 6.4
v -4 0.15 6.4
v -4 0.15 6.8
v -8 8.5 6.8
v -8 8.5 3.25
v 15.96 0.02 -7.96
v 15.96 9.58 -7.96
v 14.8 0.02 -6.8
v 14.8 8.5 -6.8
v 3.003 0.02 -1.244
v 2.298 0.02 -2.298
v 1.244 0.02 -3.003
v 2.217 0.02 -0.918
v 1.697 0.02 -1.697
v 0.918 0.02 -2.217
v 0.918 8.5 -2.217
v 1.697 8.5 -1.697
v 2.217 8.5 -0.918
v 1.244 8.5 -3.003
v 2.298 8.5 -2.298
v 3.003 8.5 -1.244
v 11.003 8.5 -1.244
v 10.298 8.5 -2.298
v 9.244 8.5 -3.003
v 10.217 8.5 -0.918
v 9.697 8.5 -1.697
v 8.918 8.5 -2.217
v 8 0.02 -2.4
v 8.918 0.02 -2.217
v 9.697 0.02 -1.697
v 10.217 0.02 -0.918
v 9.244 0.02 -3.003
v 10.298 0.02 -2.298
v 11.003 0.02 -1.244
v 3.7 8.5 -6.8
v 3.7 8.5 -6.4
v 3.7 0.15 -6.4
v 3.7 0.15 -6.8
v 14.8 0.15 -4.3
v 14.4 0.15 -4.3
v 14.4 0.15 -3.7
v 14.8 0.15 -3.7
v 14.8 8.5 -3.7
v 14.4 8.5 -3.7
v 14.4 8.5 -4.3
v 14.8 8.5 -4.3
v 0.4 8.5 -3.173
v 0.4 8.5 -6.8
v 0.4 2 -6.8
v 0.4 2 -3.173
v 12 9.58 -7.96
v 12 0.02 -6.8
v 12 0.02 -7.96
v 12 8.5 -6.8
v 8 0.02 -7.96
v 8 0.02 -6.8
v 12.3 8.5 -6.4
v 12.3 8.5 -6.8
v 11.7 8.5 -6.8
v 11.7 8.5 -6.4
v 11.7 0.15 -6.4
v 11.7 0.15 -6.8
v 12.3 0.15 -6.8
v 12.3 0.15 -6.4
v 12 8.5 -6.4
v 12 0.15 -6.4
v 12 0.15 -6.8
v 8 8.5 -2.4
v 12 9.58 0
v 8 9.58 0
v 4 9.58 0
v 8 8.5 0
v 3.25 0.02 0
v 2.4 0.02 0
v 2.4 8.5 0
v 3.25 8.5 0
v 11.25 8.5 0
v 10.4 8.5 0
v 10.4 0.02 0
v 11.25 0.02 0
v 15.96 0.02 0
v 15.96 9.58 0
v 14.8 0.02 0
v 14.8 8.5 0
v 12 8.5 0
v 4 8.5 0
v 4 9.58 -7.96
v 4 0.02 -6.8
v 8 9.58 -7.96
v 4.997 8.5 -1.244
v 5.702 8.5 -2.298
v 6.756 8.5 -3.003
v 5.783 8.5 -0.918
v 6.303 8.5 -1.697
v 7.082 8.5 -2.217
v 7.082 0.02 -2.217
v 6.303 0.02 -1.697
v 5.783 0.02 -0.918
v 6.756 0.02 -3.003
v 5.702 0.02 -2.298
v 4.997 0.02 -1.244
v 4 0.02 -7.96
v 4 8.5 -6.8
v 8 0.02 -3.25
v 4.3 8.5 -6.8
v 4.3 8.5 -6.4
v 4.3 0.15 -6.4
v 4.3 0.15 -6.8
v 4 8.5 -6.4
v 4 0.15 -6.4
v 4 0.15 -6.8
v 8 8.5 -6.8
v 8 8.5 -3.25
v 4.75 8.5 0
v 5.6 8.5 0
v 5.6 0.02 0
v 4.75 0.02 0
v -15.96 0.02 -7.96
v -15.96 9.58 -7.96
v -14.8 0.02 -6.8
v -14.8 8.5 -6.8
v -3.003 0.02 -1.244
v -2.298 0.02 -2.298
v -1.244 0.02 -3.003
v -2.217 0.02 -0.918
v -1.697 0.02 -1.697
v -0.918 0.02 -2.217
v -0.918 8.5 -2.217
v -1.697 8.5 -1.697
v -2.217 8.5 -0.918
v -1.244 8.5 -3.003
v -2.298 8.5 -2.298
v -3.003 8.5 -1.244
v -11.003 8.5 -1.244
v -10.298 8.5 -2.298
v -9.244 8.5 -3.003
v -10.217 8.5 -0.918
v -9.697 8.5 -1.697
v -8.918 8.5 -2.217
v -8 0.02 -2.4
v -8.918 0.02 -2.217
v -9.697 0.02 -1.697
v -10.217 0.02 -0.918
v -9.244 0.02 -3.003
v -10.298 0.02 -2.298
v -11.003 0.02 -1.244
v -3.7 8.5 -6.8
v -3.7 8.5 -6.4
v -3.7 0.15 -6.4
v -3.7 0.15 -6.8
v -14.8 0.15 -4.3
v -14.4 0.15 -4.3
v -14.4 0.15 -3.7
v -14.8 0.15 -3.7
v -14.8 8.5 -3.7
v -14.4 8.5 -3.7
v -14.4 8.5 -4.3
v -14.8 8.5 -4.3
v -0.4 8.5 -3.173
v -0.4 8.5 -6.8
v -0.4 2 -6.8
v -0.4 2 -3.173
v -12 9.58 -7.96
v -12 0.02 -6.8
v -12 0.02 -7.96
v -12 8.5 -6.8
v -8 0.02 -7.96
v -8 0.02 -6.8
v -12.3 8.5 -6.4
v -12.3 8.5 -6.8
v -11.7 8.5 -6.8
v -11.7 8.5 -6.4
v -11.7 0.15 -6.4
v -11.7 0.15 -6.8
v -12.3 0.15 -6.8
v -12.3 0.15 -6.4
v -12 8.5 -6.4
v -12 0.15 -6.4
v -12 0.15 -6.8
v -8 8.5 -2.4
v -12 9.58 0
v -8 9.58 0
v -4 9.58 0
v 0 9.58 0
v 0 0.02 -3.25
v 0 0.02 -2.4
v 0 8.5 -2.4
v 0 8.5 -3.25
v 0 2 -3.25
v 0 0.02 -7.96
v 0 9.58 -7.96
v 0 0.02 -6.8
v 0 8.5 -6.8
v 0 2 -6.8
v -8 8.5 0
v -3.25 0.02 0
v -2.4 0.02 0
v -2.4 8.5 0
v -3.25 8.5 0
v -11.25 8.5 0
v -10.4 8.5 0
v -10.4 0.02 0
v -11.25 0.02 0
v -15.96 0.02 0
v -15.96 9.58 0
v -14.8 0.02 0
v -14.8 8.5 0
v -12 8.5 0
v -4 8.5 0
v 0 8.5 0
v -4 9.58 -7.96
v -4 0.02 -6.8
v -8 9.58 -7.96
v -4.997 8.5 -1.244
v -5.702 8.5 -2.298
v -6.756 8.5 -3.003
v -5.783 8.5 -0.918
v -6.303 8.5 -1.697
v -7.082 8.5 -2.217
v -7.082 0.02 -2.217
v -6.303 0.02 -1.697
v -5.783 0.02 -0.918
v -6.756 0.02 -3.003
v -5.702 0.02 -2.298
v -4.997 0.02 -1.244
v -4 0.02 -7.96
v -4 8.5 -6.8
v -8 0.02 -3.25
v -4.3 8.5 -6.8
v -4.3 8.5 -6.4
v -4.3 0.15 -6.4
v -4.3 0.15 -6.8
v -4 8.5 -6.4
v -4 0.15 -6.4
v -4 0.15 -6.8
v -8 8.5 -6.8
v -8 8.5 -3.25
v -4.75 8.5 0
v -5.6 8.5 0
v -5.6 0.02 0
v -4.75 0.02 0
v 15.96 0.02 7.96
v 15.96 0.02 7.96
v 15.96 9.58 7.96
v 15.96 9.58 7.96
v 12 9.58 7.96
v 12 0.02 6.8
v 14.8 0.02 6.8
v 14.8 0.02 6.8
v 14.8 8.5 6.8
v 14.8 8.5 6.8
v 3.25 0.02 0
v 3.003 0.02 1.244
v 2.298 0.02 2.298
v 1.244 0.02 3.003
v 0 0.02 3.25
v 2.4 0.02 0
v 2.217 0.02 0.918
v 1.697 0.02 1.697
v 0.918 0.02 2.217
v 0 0.02 2.4
v 8 0.02 2.4
v 8.918 0.02 2.217
v 9.697 0.02 1.697
v 10.217 0.02 0.918
v 10.4 0.02 0
v 9.244 0.02 3.003
v 10.298 0.02 2.298
v 11.003 0.02 1.244
v 11.25 0.02 0
v 3.7 8.5 6.4
v 3.7 0.15 6.4
v 3.7 0.15 6.4
v 3.7 0.15 6.8
v 14.4 0.15 4.3
v 14.4 0.15 4.3
v 14.4 0.15 3.7
v 14.4 0.15 3.7
v 14.8 0.15 4.3
v 14.8 0.15 3.7
v 14.4 8.5 3.7
v 14.4 8.5 4.3
v 0.4 2 6.8
v 0.4 2 3.173
v 8 0.02 6.8
v 12 0.02 7.96
v 12 8.5 6.8
v 15.96 0.02 0
v 14.8 8.5 0
v 14.8 0.02 0
v 8 0.02 7.96
v 12.3 8.5 6.4
v 12.3 0.15 6.4
v 12.3 0.15 6.4
v 11.7 8.5 6.4
v 11.7 0.15 6.4
v 11.7 0.15 6.4
v 11.7 0.15 6.8
v 12 0.15 6.4
v 12.3 0.15 6.8
v 15.96 9.58 0
v 8 9.58 7.96
v 0 9.58 7.96
v 4 9.58 7.96
v 0 0.02 6.8
v 4 0.02 6.8
v 7.082 0.02 2.217
v 6.303 0.02 1.697
v 5.783 0.02 0.918
v 5.6 0.02 0
v 6.756 0.02 3.003
v 5.702 0.02 2.298
v 4.997 0.02 1.244
v 4.75 0.02 0
v 8 0.02 3.25
v 4.3 8.5 6.4
v 4.3 0.15 6.4
v 4.3 0.15 6.4
v 4.3 0.15 6.8
v 4 0.15 6.4
v 4 8.5 6.8
v 8 8.5 6.8
v 4 0.02 7.96
v 0 0.02 7.96
v 0 8.5 6.8
v -15.96 0.02 7.96
v -15.96 0.02 7.96
v -15.96 9.58 7.96
v -15.96 9.58 7.96
v -12 9.58 7.96
v -12 0.02 6.8
v -14.8 0.02 6.8
v -14.8 0.02 6.8
v -14.8 8.5 6.8
v -14.8 8.5 6.8
v -3.25 0.02 0
v -3.003 0.02 1.244
v -2.298 0.02 2.298
v -1.244 0.02 3.003
v -2.4 0.02 0
v -2.217 0.02 0.918
v -1.697 0.02 1.697
v -0.918 0.02 2.217
v -8 0.02 2.4
v -8.918 0.02 2.217
v -9.697 0.02 1.697
v -10.217 0.02 0.918
v -10.4 0.02 0
v -9.244 0.02 3.003
v -10.298 0.02 2.298
v -11.003 0.02 1.244
v -11.25 0.02 0
v -3.7 8.5 6.4
v -3.7 0.15 6.4
v -3.7 0.15 6.4
v -3.7 0.15 6.8
v -14.4 0.15 4.3
v -14.4 0.15 4.3
v -14.4 0.15 3.7
v -14.4 0.15 3.7
v -14.8 0.15 4.3
v -14.8 0.15 3.7
v -14.4 8.5 3.7
v -14.4 8.5 4.3
v -0.4 2 6.8
v -0.4 2 3.173
v -8 0.02 6.8
v -12 0.02 7.96
v -12 8.5 6.8
v -15.96 0.02 0
v -14.8 8.5 0
v -14.8 0.02 0
v -8 0.02 7.96
v -12.3 8.5 6.4
v -12.3 0.15 6.4
v -12.3 0.15 6.4
v -11.7 8.5 6.4
v -11.7 0.15 6.4
v -11.7 0.15 6.4
v -11.7 0.15 6.8
v -12 0.15 6.4
v -12.3 0.15 6.8
v -15.96 9.58 0
v -8 9.58 7.96
v -4 9.58 7.96
v -4 0.02 6.8
v -7.082 0.02 2.217
v -6.303 0.02 1.697
v -5.783 0.02 0.918
v -5.6 0.02 0
v -6.756 0.02 3.003
v -5.702 0.02 2.298
v -4.997 0.02 1.244
v -4.75 0.02 0
v -8 0.02 3.25
v -4.3 8.5 6.4
v -4.3 0.15 6.4
v -4.3 0.15 6.4
v -4.3 0.15 6.8
v -4 0.15 6.4
v -4 8.5 6.8
v -8 8.5 6.8
v -4 0.02 7.96
v 15.96 0.02 -7.96
v 15.96 0.02 -7.96
v 15.96 9.58 -7.96
v 15.96 9.58 -7.96
v 12 9.58 -7.96
v 12 0.02 -6.8
v 14.8 0.02 -6.8
v 14.8 0.02 -6.8
v 14.8 8.5 -6.8
v 14.8 8.5 -6.8
v 3.003 0.02 -1.244
v 2.298 0.02 -2.298
v 1.244 0.02 -3.003
v 0 0.02 -3.25
v 2.217 0.02 -0.918
v 1.697 0.02 -1.697
v 0.918 0.02 -2.217
v 0 0.02 -2.4
v 8 0.02 -2.4
v 8.918 0.02 -2.217
v 9.697 0.02 -1.697
v 10.217 0.02 -0.918
v 9.244 0.02 -3.003
v 10.298 0.02 -2.298
v 11.003 0.02 -1.244
v 3.7 8.5 -6.4
v 3.7 0.15 -6.4
v 3.7 0.15 -6.4
v 3.7 0.15 -6.8
v 14.4 0.15 -4.3
v 14.4 0.15 -4.3
v 14.4 0.15 -3.7
v 14.4 0.15 -3.7
v 14.8 0.15 -4.3
v 14.8 0.15 -3.7
v 14.4 8.5 -3.7
v 14.4 8.5 -4.3
v 0.4 2 -6.8
v 0.4 2 -3.173
v 8 0.02 -6.8
v 12 0.02 -7.96
v 12 8.5 -6.8
v 8 0.02 -7.96
v 12.3 8.5 -6.4
v 12.3 0.15 -6.4
v 12.3 0.15 -6.4
v 11.7 8.5 -6.4
v 11.7 0.15 -6.4
v 11.7 0.15 -6.4
v 11.7 0.15 -6.8
v 12 0.15 -6.4
v 12.3 0.15 -6.8
v 8 9.58 -7.96
v 0 9.58 -7.96
v 4 9.58 -7.96
v 0 0.02 -6.8
v 4 0.02 -6.8
v 7.082 0.02 -2.217
v 6.303 0.02 -1.697
v 5.783 0.02 -0.918
v 6.756 0.02 -3.003
v 5.702 0.02 -2.298
v 4.997 0.02 -1.244
v 8 0.02 -3.25
v 4.3 8.5 -6.4
v 4.3 0.15 -6.4
v 4.3 0.15 -6.4
v 4.3 0.15 -6.8
v 4 0.15 -6.4
v 4 8.5 -6.8
v 8 8.5 -6.8
v 4 0.02 -7.96
v 0 0.02 -7.96
v 0 8.5 -6.8
v -15.96 0.02 -7.96
v -15.96 0.02 -7.96
v -15.96 9.58 -7.96
v -15.96 9.58 -7.96
v -12 9.58 -7.96
v -12 0.02 -6.8
v -14.8 0.02 -6.8
v -14.8 0.02 -6.8
v -14.8 8.5 -6.8
v -14.8 8.5 -6.8
v -3.003 0.02 -1.244
v -2.298 0.02 -2.298
v -1.244 0.02 -3.003
v -2.217 0.02 -0.918
v -1.697 0.02 -1.697
v -0.918 0.02 -2.217
v -8 0.02 -2.4
v -8.918 0.02 -2.217
v -9.697 0.02 -1.697
v -10.217 0.02 -0.918
v -9.244 0.02 -3.003
v -10.298 0.02 -2.298
v -11.003 0.02 -1.244
v -3.7 8.5 -6.4
v -3.7 0.15 -6.4
v -3.7 0.15 -6.4
v -3.7 0.15 -6.8
v -14.4 0.15 -4.3
v -14.4 0.15 -4.3
v -14.4 0.15 -3.7
v -14.4 0.15 -3.7
v -14.8 0.15 -4.3
v -14.8 0.15 -3.7
v -14.4 8.5 -3.7
v -14.4 8.5 -4.3
v -0.4 2 -6.8
v -0.4 2 -3.173
v -8 0.02 -6.8
v -12 0.02 -7.96
v -12 8.5 -6.8
v -8 0.02 -7.96
v -12.3 8.5 -6.4
v -12.3 0.15 -6.4
v -12.3 0.15 -6.4
v -11.7 8.5 -6.4
v -11.7 0.15 -6.4
v -11.7 0.15 -6.4
v -11.7 0.15 -6.8
v -12 0.15 -6.4
v -12.3 0.15 -6.8
v -8 9.58 -7.96
v -4 9.58 -7.96
v -4 0.02 -6.8
v -7.082 0.02 -2.217
v -6.303 0.02 -1.697
v -5.783 0.02 -0.918
v -6.756 0.02 -3.003
v -5.702 0.02 -2.298
v -4.997 0.02 -1.244
v -8 0.02 -3.25
v -4.3 8.5 -6.4
v -4.3 0.15 -6.4
v -4.3 0.15 -6.4
v -4.3 0.15 -6.8
v -4 0.15 -6.4
v -4 8.5 -6.8
v -8 8.5 -6.8
v -4 0.02 -7.96
v -11.082 11.15 -6.217
v -11.179 11.4 -5.982
v -11.11 11.327 -6.148
v -10.483 11.4 -5.517
v -10.303 11.15 -5.697
v -10.356 11.327 -5.644
v -9.783 11.15 -4.918
v -10.018 11.4 -4.821
v -9.852 11.327 -4.89
v -9.855 11.4 -4
v -9.6 11.15 -4
v -9.675 11.327 -4
v -9.783 11.15 -3.082
v -10.018 11.4 -3.179
v -9.852 11.327 -3.11
v -10.303 11.15 -2.303
v -10.483 11.4 -2.483
v -10.356 11.327 -2.356
v -11.082 11.15 -1.783
v -11.179 11.4 -2.018
v -11.11 11.327 -1.852
v -12 11.15 -1.6
v -12 11.4 -1.855
v -12 11.327 -1.675
v -12.821 11.4 -2.018
v -12.918 11.15 -1.783
v -12.89 11.327 -1.852
v -13.697 11.15 -2.303
v -13.517 11.4 -2.483
v -13.644 11.327 -2.356
v -14.217 11.15 -3.082
v -13.982 11.4 -3.179
v -14.148 11.327 -3.11
v -14.4 11.15 -4
v -14.145 11.4 -4
v -14.325 11.327 -4
v -14.217 11.15 -4.918
v -13.982 11.4 -4.821
v -14.148 11.327 -4.89
v -13.517 11.4 -5.517
v -13.697 11.15 -5.697
v -13.644 11.327 -5.644
v -12.918 11.15 -6.217
v -12.821 11.4 -5.982
v -12.89 11.327 -6.148
v -12 11.15 -6.4
v -12 11.4 -6.145
v -12 11.327 -6.325
v -10.937 11.4 -2.986
v -10.836 11.4 -4
v -10.937 11.4 -5.014
v -12 11.4 -2.903
v -12 11.4 -4
v -12 11.4 -5.097
v -13.063 11.4 -2.986
v -13.164 11.4 -4
v -13.063 11.4 -5.014
v -12 9.73 -6.4
v -12 9.58 -6.553
v -12 9.624 -6.445
v -12.977 9.58 -6.359
v -12.918 9.73 -6.217
v -12.936 9.624 -6.259
v -13.805 9.58 -5.805
v -13.697 9.73 -5.697
v -13.729 9.624 -5.729
v -14.359 9.58 -4.977
v -14.217 9.73 -4.918
v -14.259 9.624 -4.936
v -14.553 9.58 -4
v -14.4 9.73 -4
v -14.445 9.624 -4
v -14.359 9.58 -3.023
v -14.217 9.73 -3.082
v -14.259 9.624 -3.064
v -13.805 9.58 -2.195
v -13.697 9.73 -2.303
v -13.729 9.624 -2.271
v -12.977 9.58 -1.641
v -12.918 9.73 -1.783
v -12.936 9.624 -1.741
v -12 9.58 -1.447
v -12 9.73 -1.6
v -12 9.624 -1.555
v -11.023 9.58 -1.641
v -11.082 9.73 -1.783
v -11.064 9.624 -1.741
v -10.195 9.58 -2.195
v -10.303 9.73 -2.303
v -10.271 9.624 -2.271
v -9.641 9.58 -3.023
v -9.783 9.73 -3.082
v -9.741 9.624 -3.064
v -9.447 9.58 -4
v -9.6 9.73 -4
v -9.555 9.624 -4
v -9.641 9.58 -4.977
v -9.783 9.73 -4.918
v -9.741 9.624 -4.936
v -10.195 9.58 -5.805
v -10.303 9.73 -5.697
v -10.271 9.624 -5.729
v -11.023 9.58 -6.359
v -11.082 9.73 -6.217
v -11.064 9.624 -6.259
v -11.082 11.15 1.783
v -11.179 11.4 2.018
v -11.11 11.327 1.852
v -10.483 11.4 2.483
v -10.303 11.15 2.303
v -10.356 11.327 2.356
v -9.783 11.15 3.082
v -10.018 11.4 3.179
v -9.852 11.327 3.11
v -9.855 11.4 4
v -9.6 11.15 4
v -9.675 11.327 4
v -9.783 11.15 4.918
v -10.018 11.4 4.821
v -9.852 11.327 4.89
v -10.303 11.15 5.697
v -10.483 11.4 5.517
v -10.356 11.327 5.644
v -11.082 11.15 6.217
v -11.179 11.4 5.982
v -11.11 11.327 6.148
v -12 11.15 6.4
v -12 11.4 6.145
v -12 11.327 6.325
v -12.821 11.4 5.982
v -12.918 11.15 6.217
v -12.89 11.327 6.148
v -13.697 11.15 5.697
v -13.517 11.4 5.517
v -13.644 11.327 5.644
v -14.217 11.15 4.918
v -13.982 11.4 4.821
v -14.148 11.327 4.89
v -14.4 11.15 4
v -14.145 11.4 4
v -14.325 11.327 4
v -14.217 11.15 3.082
v -13.982 11.4 3.179
v -14.148 11.327 3.11
v -13.517 11.4 2.483
v -13.697 11.15 2.303
v -13.644 11.327 2.356
v -12.918 11.15 1.783
v -12.821 11.4 2.018
v -12.89 11.327 1.852
v -12 11.15 1.6
v -12 11.4 1.855
v -12 11.327 1.675
v -10.937 11.4 5.014
v -10.836 11.4 4
v -10.937 11.4 2.986
v -12 11.4 5.097
v -12 11.4 4
v -12 11.4 2.903
v -13.063 11.4 5.014
v -13.164 11.4 4
v -13.063 11.4 2.986
v -12 9.73 1.6
v -12 9.58 1.447
v -12 9.624 1.555
v -12.977 9.58 1.641
v -12.918 9.73 1.783
v -12.936 9.624 1.741
v -13.805 9.58 2.195
v -13.697 9.73 2.303
v -13.729 9.624 2.271
v -14.359 9.58 3.023
v -14.217 9.73 3.082
v -14.259 9.624 3.064
v -14.553 9.58 4
v -14.4 9.73 4
v -14.445 9.624 4
v -14.359 9.58 4.977
v -14.217 9.73 4.918
v -14.259 9.624 4.936
v -13.805 9.58 5.805
v -13.697 9.73 5.697
v -13.729 9.624 5.729
v -12.977 9.58 6.359
v -12.918 9.73 6.217
v -12.936 9.624 6.259
v -12 9.58 6.553
v -12 9.73 6.4
v -12 9.624 6.445
v -11.023 9.58 6.359
v -11.082 9.73 6.217
v -11.064 9.624 6.259
v -10.195 9.58 5.805
v -10.303 9.73 5.697
v -10.271 9.624 5.729
v -9.641 9.58 4.977
v -9.783 9.73 4.918
v -9.741 9.624 4.936
v -9.447 9.58 4
v -9.6 9.73 4
v -9.555 9.624 4
v -9.641 9.58 3.023
v -9.783 9.73 3.082
v -9.741 9.624 3.064
v -10.195 9.58 2.195
v -10.303 9.73 2.303
v -10.271 9.624 2.271
v -11.023 9.58 1.641
v -11.082 9.73 1.783
v -11.064 9.624 1.741
v -3.082 11.15 -6.217
v -3.179 11.4 -5.982
v -3.11 11.327 -6.148
v -2.483 11.4 -5.517
v -2.303 11.15 -5.697
v -2.356 11.327 -5.644
v -1.783 11.15 -4.918
v -2.018 11.4 -4.821
v -1.852 11.327 -4.89
v -1.855 11.4 -4
v -1.6 11.15 -4
v -1.675 11.327 -4
v -1.783 11.15 -3.082
v -2.018 11.4 -3.179
v -1.852 11.327 -3.11
v -2.303 11.15 -2.303
v -2.483 11.4 -2.483
v -2.356 11.327 -2.356
v -3.082 11.15 -1.783
v -3.179 11.4 -2.018
v -3.11 11.327 -1.852
v -4 11.15 -1.6
v -4 11.4 -1.855
v -4 11.327 -1.675
v -4.821 11.4 -2.018
v -4.918 11.15 -1.783
v -4.89 11.327 -1.852
v -5.697 11.15 -2.303
v -5.517 11.4 -2.483
v -5.644 11.327 -2.356
v -6.217 11.15 -3.082
v -5.982 11.4 -3.179
v -6.148 11.327 -3.11
v -6.4 11.15 -4
v -6.145 11.4 -4
v -6.325 11.327 -4
v -6.217 11.15 -4.918
v -5.982 11.4 -4.821
v -6.148 11.327 -4.89
v -5.517 11.4 -5.517
v -5.697 11.15 -5.697
v -5.644 11.327 -5.644
v -4.918 11.15 -6.217
v -4.821 11.4 -5.982
v -4.89 11.327 -6.148
v -4 11.15 -6.4
v -4 11.4 -6.145
v -4 11.327 -6.325
v -2.937 11.4 -2.986
v -2.836 11.4 -4
v -2.937 11.4 -5.014
v -4 11.4 -2.903
v -4 11.4 -4
v -4 11.4 -5.097
v -5.063 11.4 -2.986
v -5.164 11.4 -4
v -5.063 11.4 -5.014
v -4 9.73 -6.4
v -4 9.58 -6.553
v -4 9.624 -6.445
v -4.977 9.58 -6.359
v -4.918 9.73 -6.217
v -4.936 9.624 -6.259
v -5.805 9.58 -5.805
v -5.697 9.73 -5.697
v -5.729 9.624 -5.729
v -6.359 9.58 -4.977
v -6.217 9.73 -4.918
v -6.259 9.624 -4.936
v -6.553 9.58 -4
v -6.4 9.73 -4
v -6.445 9.624 -4
v -6.359 9.58 -3.023
v -6.217 9.73 -3.082
v -6.259 9.624 -3.064
v -5.805 9.58 -2.195
v -5.697 9.73 -2.303
v -5.729 9.624 -2.271
v -4.977 9.58 -1.641
v -4.918 9.73 -1.783
v -4.936 9.624 -1.741
v -4 9.58 -1.447
v -4 9.73 -1.6
v -4 9.624 -1.555
v -3.023 9.58 -1.641
v -3.082 9.73 -1.783
v -3.064 9.624 -1.741
v -2.195 9.58 -2.195
v -2.303 9.73 -2.303
v -2.271 9.624 -2.271
v -1.641 9.58 -3.023
v -1.783 9.73 -3.082
v -1.741 9.624 -3.064
v -1.447 9.58 -4
v -1.6 9.73 -4
v -1.555 9.624 -4
v -1.641 9.58 -4.977
v -1.783 9.73 -4.918
v -1.741 9.624 -4.936
v -2.195 9.58 -5.805
v -2.303 9.73 -5.697
v -2.271 9.624 -5.729
v -3.023 9.58 -6.359
v -3.082 9.73 -6.217
v -3.064 9.624 -6.259
v -3.082 11.15 1.783
v -3.179 11.4 2.018
v -3.11 11.327 1.852
v -2.483 11.4 2.483
v -2.303 11.15 2.303
v -2.356 11.327 2.356
v -1.783 11.15 3.082
v -2.018 11.4 3.179
v -1.852 11.327 3.11
v -1.855 11.4 4
v -1.6 11.15 4
v -1.675 11.327 4
v -1.783 11.15 4.918
v -2.018 11.4 4.821
v -1.852 11.327 4.89
v -2.303 11.15 5.697
v -2.483 11.4 5.517
v -2.356 11.327 5.644
v -3.082 11.15 6.217
v -3.179 11.4 5.982
v -3.11 11.327 6.148
v -4 11.15 6.4
v -4 11.4 6.145
v -4 11.327 6.325
v -4.821 11.4 5.982
v -4.918 11.15 6.217
v -4.89 11.327 6.148
v -5.697 11.15 5.697
v -5.517 11.4 5.517
v -5.644 11.327 5.644
v -6.217 11.15 4.918
v -5.982 11.4 4.821
v -6.148 11.327 4.89
v -6.4 11.15 4
v -6.145 11.4 4
v -6.325 11.327 4
v -6.217 11.15 3.082
v -5.982 11.4 3.179
v -6.148 11.327 3.11
v -5.517 11.4 2.483
v -5.697 11.15 2.303
v -5.644 11.327 2.356
v -4.918 11.15 1.783
v -4.821 11.4 2.018
v -4.89 11.327 1.852
v -4 11.15 1.6
v -4 11.4 1.855
v -4 11.327 1.675
v -2.937 11.4 5.014
v -2.836 11.4 4
v -2.937 11.4 2.986
v -4 11.4 5.097
v -4 11.4 4
v -4 11.4 2.903
v -5.063 11.4 5.014
v -5.164 11.4 4
v -5.063 11.4 2.986
v -4 9.73 1.6
v -4 9.58 1.447
v -4 9.624 1.555
v -4.977 9.58 1.641
v -4.918 9.73 1.783
v -4.936 9.624 1.741
v -5.805 9.58 2.195
v -5.697 9.73 2.303
v -5.729 9.624 2.271
v -6.359 9.58 3.023
v -6.217 9.73 3.082
v -6.259 9.624 3.064
v -6.553 9.58 4
v -6.4 9.73 4
v -6.445 9.624 4
v -6.359 9.58 4.977
v -6.217 9.73 4.918
v -6.259 9.624 4.936
v -5.805 9.58 5.805
v -5.697 9.73 5.697
v -5.729 9.624 5.729
v -4.977 9.58 6.359
v -4.918 9.73 6.217
v -4.936 9.624 6.259
v -4 9.58 6.553
v -4 9.73 6.4
v -4 9.624 6.445
v -3.023 9.58 6.359
v -3.082 9.73 6.217
v -3.064 9.624 6.259
v -2.195 9.58 5.805
v -2.303 9.73 5.697
v -2.271 9.624 5.729
v -1.641 9.58 4.977
v -1.783 9.73 4.918
v -1.741 9.624 4.936
v -1.447 9.58 4
v -1.6 9.73 4
v -1.555 9.624 4
v -1.641 9.58 3.023
v -1.783 9.73 3.082
v -1.741 9.624 3.064
v -2.195 9.58 2.195
v -2.303 9.73 2.303
v -2.271 9.624 2.271
v -3.023 9.58 1.641
v -3.082 9.73 1.783
v -3.064 9.624 1.741
v 4.918 11.15 -6.217
v 4.821 11.4 -5.982
v 4.89 11.327 -6.148
v 5.517 11.4 -5.517
v 5.697 11.15 -5.697
v 5.644 11.327 -5.644
v 6.217 11.15 -4.918
v 5.982 11.4 -4.821
v 6.148 11.327 -4.89
v 6.145 11.4 -4
v 6.4 11.15 -4
v 6.325 11.327 -4
v 6.217 11.15 -3.082
v 5.982 11.4 -3.179
v 6.148 11.327 -3.11
v 5.697 11.15 -2.303
v 5.517 11.4 -2.483
v 5.644 11.327 -2.356
v 4.918 11.15 -1.783
v 4.821 11.4 -2.018
v 4.89 11.327 -1.852
v 4 11.15 -1.6
v 4 11.4 -1.855
v 4 11.327 -1.675
v 3.179 11.4 -2.018
v 3.082 11.15 -1.783
v 3.11 11.327 -1.852
v 2.303 11.15 -2.303
v 2.483 11.4 -2.483
v 2.356 11.327 -2.356
v 1.783 11.15 -3.082
v 2.018 11.4 -3.179
v 1.852 11.327 -3.11
v 1.6 11.15 -4
v 1.855 11.4 -4
v 1.675 11.327 -4
v 1.783 11.15 -4.918
v 2.018 11.4 -4.821
v 1.852 11.327 -4.89
v 2.483 11.4 -5.517
v 2.303 11.15 -5.697
v 2.356 11.327 -5.644
v 3.082 11.15 -6.217
v 3.179 11.4 -5.982
v 3.11 11.327 -6.148
v 4 11.15 -6.4
v 4 11.4 -6.145
v 4 11.327 -6.325
v 5.063 11.4 -2.986
v 5.164 11.4 -4
v 5.063 11.4 -5.014
v 4 11.4 -2.903
v 4 11.4 -4
v 4 11.4 -5.097
v 2.937 11.4 -2.986
v 2.836 11.4 -4
v 2.937 11.4 -5.014
v 4 9.73 -6.4
v 4 9.58 -6.553
v 4 9.624 -6.445
v 3.023 9.58 -6.359
v 3.082 9.73 -6.217
v 3.064 9.624 -6.259
v 2.195 9.58 -5.805
v 2.303 9.73 -5.697
v 2.271 9.624 -5.729
v 1.641 9.58 -4.977
v 1.783 9.73 -4.918
v 1.741 9.624 -4.936
v 1.447 9.58 -4
v 1.6 9.73 -4
v 1.555 9.624 -4
v 1.641 9.58 -3.023
v 1.783 9.73 -3.082
v 1.741 9.624 -3.064
v 2.195 9.58 -2.195
v 2.303 9.73 -2.303
v 2.271 9.624 -2.271
v 3.023 9.58 -1.641
v 3.082 9.73 -1.783
v 3.064 9.624 -1.741
v 4 9.58 -1.447
v 4 9.73 -1.6
v 4 9.624 -1.555
v 4.977 9.58 -1.641
v 4.918 9.73 -1.783
v 4.936 9.624 -1.741
v 5.805 9.58 -2.195
v 5.697 9.73 -2.303
v 5.729 9.624 -2.271
v 6.359 9.58 -3.023
v 6.217 9.73 -3.082
v 6.259 9.624 -3.064
v 6.553 9.58 -4
v 6.4 9.73 -4
v 6.445 9.624 -4
v 6.359 9.58 -4.977
v 6.217 9.73 -4.918
v 6.259 9.624 -4.936
v 5.805 9.58 -5.805
v 5.697 9.73 -5.697
v 5.729 9.624 -5.729
v 4.977 9.58 -6.359
v 4.918 9.73 -6.217
v 4.936 9.624 -6.259
v 4.918 11.15 1.783
v 4.821 11.4 2.018
v 4.89 11.327 1.852
v 5.517 11.4 2.483
v 5.697 11.15 2.303
v 5.644 11.327 2.356
v 6.217 11.15 3.082
v 5.982 11.4 3.179
v 6.148 11.327 3.11
v 6.145 11.4 4
v 6.4 11.15 4
v 6.325 11.327 4
v 6.217 11.15 4.918
v 5.982 11.4 4.821
v 6.148 11.327 4.89
v 5.697 11.15 5.697
v 5.517 11.4 5.517
v 5.644 11.327 5.644
v 4.918 11.15 6.217
v 4.821 11.4 5.982
v 4.89 11.327 6.148
v 4 11.15 6.4
v 4 11.4 6.145
v 4 11.327 6.325
v 3.179 11.4 5.982
v 3.082 11.15 6.217
v 3.11 11.327 6.148
v 2.303 11.15 5.697
v 2.483 11.4 5.517
v 2.356 11.327 5.644
v 1.783 11.15 4.918
v 2.018 11.4 4.821
v 1.852 11.327 4.89
v 1.6 11.15 4
v 1.855 11.4 4
v 1.675 11.327 4
v 1.783 11.15 3.082
v 2.018 11.4 3.179
v 1.852 11.327 3.11
v 2.483 11.4 2.483
v 2.303 11.15 2.303
v 2.356 11.327 2.356
v 3.082 11.15 1.783
v 3.179 11.4 2.018
v 3.11 11.327 1.852
v 4 11.15 1.6
v 4 11.4 1.855
v 4 11.327 1.675
v 5.063 11.4 5.014
v 5.164 11.4 4
v 5.063 11.4 2.986
v 4 11.4 5.097
v 4 11.4 4
v 4 11.4 2.903
v 2.937 11.4 5.014
v 2.836 11.4 4
v 2.937 11.4 2.986
v 4 9.73 1.6
v 4 9.58 1.447
v 4 9.624 1.555
v 3.023 9.58 1.641
v 3.082 9.73 1.783
v 3.064 9.624 1.741
v 2.195 9.58 2.195
v 2.303 9.73 2.303
v 2.271 9.624 2.271
v 1.641 9.58 3.023
v 1.783 9.73 3.082
v 1.741 9.624 3.064
v 1.447 9.58 4
v 1.6 9.73 4
v 1.555 9.624 4
v 1.641 9.58 4.977
v 1.783 9.73 4.918
v 1.741 9.624 4.936
v 2.195 9.58 5.805
v 2.303 9.73 5.697
v 2.271 9.624 5.729
v 3.023 9.58 6.359
v 3.082 9.73 6.217
v 3.064 9.624 6.259
v 4 9.58 6.553
v 4 9.73 6.4
v 4 9.624 6.445
v 4.977 9.58 6.359
v 4.918 9.73 6.217
v 4.936 9.624 6.259
v 5.805 9.58 5.805
v 5.697 9.73 5.697
v 5.729 9.624 5.729
v 6.359 9.58 4.977
v 6.217 9.73 4.918
v 6.259 9.624 4.936
v 6.553 9.58 4
v 6.4 9.73 4
v 6.445 9.624 4
v 6.359 9.58 3.023
v 6.217 9.73 3.082
v 6.259 9.624 3.064
v 5.805 9.58 2.195
v 5.697 9.73 2.303
v 5.729 9.624 2.271
v 4.977 9.58 1.641
v 4.918 9.73 1.783
v 4.936 9.624 1.741
v 12.918 11.15 -6.217
v 12.821 11.4 -5.982
v 12.89 11.327 -6.148
v 13.517 11.4 -5.517
v 13.697 11.15 -5.697
v 13.644 11.327 -5.644
v 14.217 11.15 -4.918
v 13.982 11.4 -4.821
v 14.148 11.327 -4.89
v 14.145 11.4 -4
v 14.4 11.15 -4
v 14.325 11.327 -4
v 14.217 11.15 -3.082
v 13.982 11.4 -3.179
v 14.148 11.327 -3.11
v 13.697 11.15 -2.303
v 13.517 11.4 -2.483
v 13.644 11.327 -2.356
v 12.918 11.15 -1.783
v 12.821 11.4 -2.018
v 12.89 11.327 -1.852
v 12 11.15 -1.6
v 12 11.4 -1.855
v 12 11.327 -1.675
v 11.179 11.4 -2.018
v 11.082 11.15 -1.783
v 11.11 11.327 -1.852
v 10.303 11.15 -2.303
v 10.483 11.4 -2.483
v 10.356 11.327 -2.356
v 9.783 11.15 -3.082
v 10.018 11.4 -3.179
v 9.852 11.327 -3.11
v 9.6 11.15 -4
v 9.855 11.4 -4
v 9.675 11.327 -4
v 9.783 11.15 -4.918
v 10.018 11.4 -4.821
v 9.852 11.327 -4.89
v 10.483 11.4 -5.517
v 10.303 11.15 -5.697
v 10.356 11.327 -5.644
v 11.082 11.15 -6.217
v 11.179 11.4 -5.982
v 11.11 11.327 -6.148
v 12 11.15 -6.4
v 12 11.4 -6.145
v 12 11.327 -6.325
v 13.063 11.4 -2.986
v 13.164 11.4 -4
v 13.063 11.4 -5.014
v 12 11.4 -2.903
v 12 11.4 -4
v 12 11.4 -5.097
v 10.937 11.4 -2.986
v 10.836 11.4 -4
v 10.937 11.4 -5.014
v 12 9.73 -6.4
v 12 9.58 -6.553
v 12 9.624 -6.445
v 11.023 9.58 -6.359
v 11.082 9.73 -6.217
v 11.064 9.624 -6.259
v 10.195 9.58 -5.805
v 10.303 9.73 -5.697
v 10.271 9.624 -5.729
v 9.641 9.58 -4.977
v 9.783 9.73 -4.918
v 9.741 9.624 -4.936
v 9.447 9.58 -4
v 9.6 9.73 -4
v 9.555 9.624 -4
v 9.641 9.58 -3.023
v 9.783 9.73 -3.082
v 9.741 9.624 -3.064
v 10.195 9.58 -2.195
v 10.303 9.73 -2.303
v 10.271 9.624 -2.271
v 11.023 9.58 -1.641
v 11.082 9.73 -1.783
v 11.064 9.624 -1.741
v 12 9.58 -1.447
v 12 9.73 -1.6
v 12 9.624 -1.555
v 12.977 9.58 -1.641
v 12.918 9.73 -1.783
v 12.936 9.624 -1.741
v 13.805 9.58 -2.195
v 13.697 9.73 -2.303
v 13.729 9.624 -2.271
v 14.359 9.58 -3.023
v 14.217 9.73 -3.082
v 14.259 9.624 -3.064
v 14.553 9.58 -4
v 14.4 9.73 -4
v 14.445 9.624 -4
v 14.359 9.58 -4.977
v 14.217 9.73 -4.918
v 14.259 9.624 -4.936
v 13.805 9.58 -5.805
v 13.697 9.73 -5.697
v 13.729 9.624 -5.729
v 12.977 9.58 -6.359
v 12.918 9.73 -6.217
v 12.936 9.624 -6.259
v 12.918 11.15 1.783
v 12.821 11.4 2.018
v 12.89 11.327 1.852
v 13.517 11.4 2.483
v 13.697 11.15 2.303
v 13.644 11.327 2.356
v 14.217 11.15 3.082
v 13.982 11.4 3.179
v 14.148 11.327 3.11
v 14.145 11.4 4
v 14.4 11.15 4
v 14.325 11.327 4
v 14.217 11.15 4.918
v 13.982 11.4 4.821
v 14.148 11.327 4.89
v 13.697 11.15 5.697
v 13.517 11.4 5.517
v 13.644 11.327 5.644
v 12.918 11.15 6.217
v 12.821 11.4 5.982
v 12.89 11.327 6.148
v 12 11.15 6.4
v 12 11.4 6.145
v 12 11.327 6.325
v 11.179 11.4 5.982
v 11.082 11.15 6.217
v 11.11 11.327 6.148
v 10.303 11.15 5.697
v 10.483 11.4 5.517
v 10.356 11.327 5.644
v 9.783 11.15 4.918
v 10.018 11.4 4.821
v 9.852 11.327 4.89
v 9.6 11.15 4
v 9.855 11.4 4
v 9.675 11.327 4
v 9.783 11.15 3.082
v 10.018 11.4 3.179
v 9.852 11.327 3.11
v 10.483 11.4 2.483
v 10.303 11.15 2.303
v 10.356 11.327 2.356
v 11.082 11.15 1.783
v 11.179 11.4 2.018
v 11.11 11.327 1.852
v 12 11.15 1.6
v 12 11.4 1.855
v 12 11.327 1.675
v 13.063 11.4 5.014
v 13.164 11.4 4
v 13.063 11.4 2.986
v 12 11.4 5.097
v 12 11.4 4
v 12 11.4 2.903
v 10.937 11.4 5.014
v 10.836 11.4 4
v 10.937 11.4 2.986
v 12 9.73 1.6
v 12 9.58 1.447
v 12 9.624 1.555
v 11.023 9.58 1.641
v 11.082 9.73 1.783
v 11.064 9.624 1.741
v 10.195 9.58 2.195
v 10.303 9.73 2.303
v 10.271 9.624 2.271
v 9.641 9.58 3.023
v 9.783 9.73 3.082
v 9.741 9.624 3.064
v 9.447 9.58 4
v 9.6 9.73 4
v 9.555 9.624 4
v 9.641 9.58 4.977
v 9.783 9.73 4.918
v 9.741 9.624 4.936
v 10.195 9.58 5.805
v 10.303 9.73 5.697
v 10.271 9.624 5.729
v 11.023 9.58 6.359
v 11.082 9.73 6.217
v 11.064 9.624 6.259
v 12 9.58 6.553
v 12 9.73 6.4
v 12 9.624 6.445
v 12.977 9.58 6.359
v 12.918 9.73 6.217
v 12.936 9.624 6.259
v 13.805 9.58 5.805
v 13.697 9.73 5.697
v 13.729 9.624 5.729
v 14.359 9.58 4.977
v 14.217 9.73 4.918
v 14.259 9.624 4.936
v 14.553 9.58 4
v 14.4 9.73 4
v 14.445 9.624 4
v 14.359 9.58 3.023
v 14.217 9.73 3.082
v 14.259 9.624 3.064
v 13.805 9.58 2.195
v 13.697 9.73 2.303
v 13.729 9.624 2.271
v 12.977 9.58 1.641
v 12.918 9.73 1.783
v 12.936 9.624 1.741
usemtl MB_28
s off
f 270 49 257
f 49 507 257
f 266 486 427
f 486 429 427
f 471 432 428
f 432 433 428
f 47 472 434
f 472 435 434
f 446 156 445
f 156 11 445
f 445 11 444
f 11 12 444
f 444 12 443
f 12 13 443
f 443 13 442
f 13 260 442
f 441 440 157
f 440 14 157
f 439 15 440
f 15 14 440
f 438 16 439
f 16 15 439
f 437 261 438
f 261 16 438
f 259 258 8
f 258 5 8
f 8 5 9
f 5 6 9
f 10 7 155
f 7 154 155
f 10 9 7
f 9 6 7
f 448 449 452
f 449 453 452
f 448 452 447
f 452 500 447
f 450 454 449
f 454 453 449
f 451 455 450
f 455 454 450
f 265 262 29
f 262 17 29
f 29 17 28
f 17 18 28
f 28 18 27
f 18 19 27
f 81 27 90
f 27 19 90
f 26 20 264
f 20 263 264
f 25 21 26
f 21 20 26
f 24 22 25
f 22 21 25
f 23 63 24
f 63 22 24
f 459 30 457
f 30 456 457
f 462 465 460
f 465 464 460
f 463 466 37
f 466 38 37
f 34 41 461
f 41 467 461
f 35 40 36
f 40 39 36
f 469 42 468
f 42 43 468
f 44 163 45
f 163 158 45
f 160 489 369
f 489 256 369
f 508 64 159
f 64 488 159
f 268 473 433
f 473 428 433
f 1 430 48
f 430 431 48
f 3 436 475
f 436 474 475
f 470 89 47
f 89 472 47
f 476 51 471
f 51 432 471
f 487 46 255
f 46 254 255
f 48 431 50
f 431 66 50
f 490 510 491
f 510 80 491
f 509 161 79
f 161 65 79
f 478 477 485
f 477 53 485
f 484 60 479
f 60 52 479
f 483 54 481
f 54 55 481
f 62 61 58
f 61 59 58
f 57 482 62
f 482 61 62
f 56 480 484
f 480 60 484
f 33 458 88
f 458 505 88
f 32 31 87
f 31 86 87
f 46 2 254
f 2 267 254
f 271 506 395
f 506 162 395
f 269 4 270
f 4 49 270
f 271 257 506
f 257 507 506
f 492 496 493
f 496 497 493
f 492 447 496
f 447 500 496
f 494 493 498
f 493 497 498
f 495 494 499
f 494 498 499
f 302 78 299
f 78 67 299
f 78 77 67
f 77 68 67
f 77 76 68
f 76 69 68
f 81 90 76
f 90 69 76
f 75 301 70
f 301 300 70
f 74 75 71
f 75 70 71
f 73 74 72
f 74 71 72
f 23 73 63
f 73 72 63
f 470 491 89
f 491 80 89
f 476 79 51
f 79 65 51
f 487 255 489
f 255 256 489
f 508 50 64
f 50 66 64
f 504 502 82
f 502 83 82
f 85 88 503
f 88 505 503
f 84 87 501
f 87 86 501
f 393 380 139
f 380 587 139
f 389 511 568
f 511 513 568
f 553 512 516
f 512 517 516
f 137 518 554
f 518 519 554
f 446 528 156
f 528 101 156
f 528 527 101
f 527 102 101
f 527 526 102
f 526 103 102
f 526 525 103
f 525 383 103
f 441 157 524
f 157 104 524
f 523 524 105
f 524 104 105
f 522 523 106
f 523 105 106
f 521 522 384
f 522 106 384
f 382 98 381
f 98 95 381
f 98 99 95
f 99 96 95
f 100 155 97
f 155 154 97
f 100 97 99
f 97 96 99
f 530 534 531
f 534 535 531
f 530 529 534
f 529 580 534
f 532 531 536
f 531 535 536
f 533 532 537
f 532 536 537
f 388 119 385
f 119 107 385
f 119 118 107
f 118 108 107
f 118 117 108
f 117 109 108
f 181 190 117
f 190 109 117
f 116 387 110
f 387 386 110
f 115 116 111
f 116 110 111
f 114 115 112
f 115 111 112
f 113 114 153
f 114 112 153
f 541 539 120
f 539 538 120
f 544 542 547
f 542 546 547
f 545 127 548
f 127 128 548
f 124 543 131
f 543 549 131
f 125 126 130
f 126 129 130
f 551 550 132
f 550 133 132
f 134 135 163
f 135 158 163
f 160 369 570
f 369 368 570
f 588 159 164
f 159 488 164
f 391 517 555
f 517 512 555
f 91 138 514
f 138 515 514
f 93 557 520
f 557 556 520
f 552 137 189
f 137 554 189
f 558 553 141
f 553 516 141
f 569 367 136
f 367 366 136
f 138 140 515
f 140 166 515
f 490 571 510
f 571 180 510
f 509 179 161
f 179 165 161
f 560 567 559
f 567 143 559
f 566 561 150
f 561 142 150
f 565 563 144
f 563 145 144
f 152 148 151
f 148 149 151
f 147 152 564
f 152 151 564
f 146 566 562
f 566 150 562
f 123 188 540
f 188 585 540
f 122 187 121
f 187 186 121
f 136 366 92
f 366 390 92
f 394 395 586
f 395 162 586
f 392 393 94
f 393 139 94
f 394 586 380
f 586 587 380
f 572 573 576
f 573 577 576
f 572 576 529
f 576 580 529
f 574 578 573
f 578 577 573
f 575 579 574
f 579 578 574
f 426 423 178
f 423 167 178
f 178 167 177
f 167 168 177
f 177 168 176
f 168 169 176
f 181 176 190
f 176 169 190
f 175 170 425
f 170 424 425
f 174 171 175
f 171 170 175
f 173 172 174
f 172 171 174
f 113 153 173
f 153 172 173
f 552 189 571
f 189 180 571
f 558 141 179
f 141 165 179
f 569 570 367
f 570 368 367
f 588 164 140
f 164 166 140
f 584 182 582
f 182 183 582
f 185 583 188
f 583 585 188
f 184 581 187
f 581 186 187
f 270 257 239
f 257 659 239
f 266 589 486
f 589 591 486
f 629 590 594
f 590 595 594
f 237 596 630
f 596 597 630
f 606 605 372
f 605 201 372
f 605 604 201
f 604 202 201
f 604 603 202
f 603 203 202
f 603 442 203
f 442 260 203
f 602 373 601
f 373 204 601
f 600 601 205
f 601 204 205
f 599 600 206
f 600 205 206
f 437 599 261
f 599 206 261
f 259 198 258
f 198 195 258
f 198 199 195
f 199 196 195
f 200 371 197
f 371 370 197
f 200 197 199
f 197 196 199
f 608 611 609
f 611 612 609
f 608 607 611
f 607 652 611
f 610 609 613
f 609 612 613
f 451 610 455
f 610 613 455
f 265 219 262
f 219 207 262
f 219 218 207
f 218 208 207
f 218 217 208
f 217 209 208
f 289 298 217
f 298 209 217
f 216 264 210
f 264 263 210
f 215 216 211
f 216 210 211
f 214 215 212
f 215 211 212
f 213 214 253
f 214 212 253
f 617 615 220
f 615 614 220
f 620 618 623
f 618 622 623
f 621 227 624
f 227 228 624
f 224 619 231
f 619 625 231
f 225 226 230
f 226 229 230
f 627 626 232
f 626 233 232
f 234 235 379
f 235 374 379
f 376 369 643
f 369 256 643
f 660 375 272
f 375 642 272
f 268 595 473
f 595 590 473
f 191 238 592
f 238 593 592
f 193 475 598
f 475 474 598
f 628 237 297
f 237 630 297
f 631 629 241
f 629 594 241
f 641 255 236
f 255 254 236
f 238 240 593
f 240 274 593
f 644 645 662
f 645 288 662
f 661 287 377
f 287 273 377
f 633 640 632
f 640 243 632
f 639 634 250
f 634 242 250
f 638 636 244
f 636 245 244
f 252 248 251
f 248 249 251
f 247 252 637
f 252 251 637
f 246 639 635
f 639 250 635
f 223 296 616
f 296 657 616
f 222 295 221
f 295 294 221
f 236 254 192
f 254 267 192
f 271 395 658
f 395 378 658
f 269 270 194
f 270 239 194
f 271 658 257
f 658 659 257
f 646 647 649
f 647 650 649
f 646 649 607
f 649 652 607
f 648 651 647
f 651 650 647
f 495 499 648
f 499 651 648
f 302 299 286
f 299 275 286
f 286 275 285
f 275 276 285
f 285 276 284
f 276 277 284
f 289 284 298
f 284 277 298
f 283 278 301
f 278 300 301
f 282 279 283
f 279 278 283
f 281 280 282
f 280 279 282
f 213 253 281
f 253 280 281
f 628 297 645
f 297 288 645
f 631 241 287
f 241 273 287
f 641 643 255
f 643 256 255
f 660 272 240
f 272 274 240
f 656 290 654
f 290 291 654
f 293 655 296
f 655 657 296
f 292 653 295
f 653 294 295
f 393 351 380
f 351 729 380
f 389 568 663
f 568 665 663
f 701 668 664
f 668 669 664
f 349 702 670
f 702 671 670
f 606 372 678
f 372 313 678
f 678 313 677
f 313 314 677
f 677 314 676
f 314 315 676
f 676 315 525
f 315 383 525
f 602 675 373
f 675 316 373
f 674 317 675
f 317 316 675
f 673 318 674
f 318 317 674
f 521 384 673
f 384 318 673
f 382 381 310
f 381 307 310
f 310 307 311
f 307 308 311
f 312 309 371
f 309 370 371
f 312 311 309
f 311 308 309
f 680 681 683
f 681 684 683
f 680 683 679
f 683 722 679
f 682 685 681
f 685 684 681
f 533 537 682
f 537 685 682
f 388 385 331
f 385 319 331
f 331 319 330
f 319 320 330
f 330 320 329
f 320 321 329
f 413 329 422
f 329 321 422
f 328 322 387
f 322 386 387
f 327 323 328
f 323 322 328
f 326 324 327
f 324 323 327
f 325 365 326
f 365 324 326
f 689 332 687
f 332 686 687
f 692 695 690
f 695 694 690
f 693 696 339
f 696 340 339
f 336 343 691
f 343 697 691
f 337 342 338
f 342 341 338
f 699 344 698
f 344 345 698
f 346 379 347
f 379 374 347
f 376 714 369
f 714 368 369
f 730 396 375
f 396 642 375
f 391 555 669
f 555 664 669
f 303 666 350
f 666 667 350
f 305 672 557
f 672 556 557
f 700 421 349
f 421 702 349
f 703 353 701
f 353 668 701
f 713 348 367
f 348 366 367
f 350 667 352
f 667 398 352
f 644 662 715
f 662 412 715
f 661 377 411
f 377 397 411
f 705 704 712
f 704 355 712
f 711 362 706
f 362 354 706
f 710 356 708
f 356 357 708
f 364 363 360
f 363 361 360
f 359 709 364
f 709 363 364
f 358 707 711
f 707 362 711
f 335 688 420
f 688 727 420
f 334 333 419
f 333 418 419
f 348 304 366
f 304 390 366
f 394 728 395
f 728 378 395
f 392 306 393
f 306 351 393
f 394 380 728
f 380 729 728
f 716 719 717
f 719 720 717
f 716 679 719
f 679 722 719
f 718 717 721
f 717 720 721
f 575 718 579
f 718 721 579
f 426 410 423
f 410 399 423
f 410 409 399
f 409 400 399
f 409 408 400
f 408 401 400
f 413 422 408
f 422 401 408
f 407 425 402
f 425 424 402
f 406 407 403
f 407 402 403
f 405 406 404
f 406 403 404
f 325 405 365
f 405 404 365
f 700 715 421
f 715 412 421
f 703 411 353
f 411 397 353
f 713 367 714
f 367 368 714
f 730 352 396
f 352 398 396
f 726 724 414
f 724 415 414
f 417 420 725
f 420 727 725
f 416 419 723
f 419 418 723
f 738 781 740
f 781 780 740
f 767 771 798
f 771 795 798
f 786 765 785
f 765 762 785
f 782 785 753
f 785 755 753
f 770 768 774
f 768 787 774
f 777 784 732
f 784 781 732
f 785 762 755
f 762 759 755
f 744 779 747
f 779 750 747
f 774 787 777
f 787 784 777
f 787 768 786
f 768 765 786
f 732 781 734
f 781 738 734
f 740 780 744
f 780 779 744
f 779 782 750
f 782 753 750
f 735 736 737
f 736 739 737
f 736 734 739
f 734 738 739
f 741 742 743
f 742 745 743
f 742 740 745
f 740 744 745
f 756 757 758
f 757 760 758
f 757 755 760
f 755 759 760
f 743 745 746
f 745 748 746
f 745 744 748
f 744 747 748
f 746 748 749
f 748 751 749
f 748 747 751
f 747 750 751
f 758 760 761
f 760 763 761
f 760 759 763
f 759 762 763
f 761 763 764
f 763 766 764
f 763 762 766
f 762 765 766
f 771 772 773
f 772 775 773
f 772 770 775
f 770 774 775
f 749 751 752
f 751 754 752
f 751 750 754
f 750 753 754
f 752 754 756
f 754 757 756
f 754 753 757
f 753 755 757
f 764 766 767
f 766 769 767
f 766 765 769
f 765 768 769
f 767 769 771
f 769 772 771
f 769 768 772
f 768 770 772
f 773 775 776
f 775 778 776
f 775 774 778
f 774 777 778
f 737 739 741
f 739 742 741
f 739 738 742
f 738 740 742
f 776 778 731
f 778 733 731
f 778 777 733
f 777 732 733
f 731 733 735
f 733 736 735
f 733 732 736
f 732 734 736
f 780 783 779
f 783 782 779
f 783 786 782
f 786 785 782
f 781 784 780
f 784 783 780
f 784 787 783
f 787 786 783
f 792 788 793
f 788 790 793
f 793 790 791
f 790 789 791
f 795 792 796
f 792 793 796
f 796 793 794
f 793 791 794
f 798 795 799
f 795 796 799
f 799 796 797
f 796 794 797
f 801 798 802
f 798 799 802
f 802 799 800
f 799 797 800
f 804 801 805
f 801 802 805
f 805 802 803
f 802 800 803
f 807 804 808
f 804 805 808
f 808 805 806
f 805 803 806
f 810 807 811
f 807 808 811
f 811 808 809
f 808 806 809
f 813 810 814
f 810 811 814
f 814 811 812
f 811 809 812
f 816 813 817
f 813 814 817
f 817 814 815
f 814 812 815
f 819 816 820
f 816 817 820
f 820 817 818
f 817 815 818
f 822 819 823
f 819 820 823
f 823 820 821
f 820 818 821
f 825 822 826
f 822 823 826
f 826 823 824
f 823 821 824
f 828 825 829
f 825 826 829
f 829 826 827
f 826 824 827
f 831 828 832
f 828 829 832
f 832 829 830
f 829 827 830
f 834 831 835
f 831 832 835
f 835 832 833
f 832 830 833
f 788 834 790
f 834 835 790
f 790 835 789
f 835 833 789
f 746 749 819
f 749 816 819
f 771 773 795
f 773 792 795
f 749 752 816
f 752 813 816
f 788 776 834
f 776 731 834
f 773 776 792
f 776 788 792
f 752 756 813
f 756 810 813
f 834 731 831
f 731 735 831
f 756 758 810
f 758 807 810
f 735 737 831
f 737 828 831
f 758 761 807
f 761 804 807
f 737 741 828
f 741 825 828
f 761 764 804
f 764 801 804
f 741 743 825
f 743 822 825
f 764 767 801
f 767 798 801
f 743 746 822
f 746 819 822
f 843 886 845
f 886 885 845
f 872 876 903
f 876 900 903
f 891 870 890
f 870 867 890
f 887 890 858
f 890 860 858
f 875 873 879
f 873 892 879
f 882 889 837
f 889 886 837
f 890 867 860
f 867 864 860
f 849 884 852
f 884 855 852
f 879 892 882
f 892 889 882
f 892 873 891
f 873 870 891
f 837 886 839
f 886 843 839
f 845 885 849
f 885 884 849
f 884 887 855
f 887 858 855
f 840 841 842
f 841 844 842
f 841 839 844
f 839 843 844
f 846 847 848
f 847 850 848
f 847 845 850
f 845 849 850
f 861 862 863
f 862 865 863
f 862 860 865
f 860 864 865
f 848 850 851
f 850 853 851
f 850 849 853
f 849 852 853
f 851 853 854
f 853 856 854
f 853 852 856
f 852 855 856
f 863 865 866
f 865 868 866
f 865 864 868
f 864 867 868
f 866 868 869
f 868 871 869
f 868 867 871
f 867 870 871
f 876 877 878
f 877 880 878
f 877 875 880
f 875 879 880
f 854 856 857
f 856 859 857
f 856 855 859
f 855 858 859
f 857 859 861
f 859 862 861
f 859 858 862
f 858 860 862
f 869 871 872
f 871 874 872
f 871 870 874
f 870 873 874
f 872 874 876
f 874 877 876
f 874 873 877
f 873 875 877
f 878 880 881
f 880 883 881
f 880 879 883
f 879 882 883
f 842 844 846
f 844 847 846
f 844 843 847
f 843 845 847
f 881 883 836
f 883 838 836
f 883 882 838
f 882 837 838
f 836 838 840
f 838 841 840
f 838 837 841
f 837 839 841
f 885 888 884
f 888 887 884
f 888 891 887
f 891 890 887
f 886 889 885
f 889 888 885
f 889 892 888
f 892 891 888
f 897 893 898
f 893 895 898
f 898 895 896
f 895 894 896
f 900 897 901
f 897 898 901
f 901 898 899
f 898 896 899
f 903 900 904
f 900 901 904
f 904 901 902
f 901 899 902
f 906 903 907
f 903 904 907
f 907 904 905
f 904 902 905
f 909 906 910
f 906 907 910
f 910 907 908
f 907 905 908
f 912 909 913
f 909 910 913
f 913 910 911
f 910 908 911
f 915 912 916
f 912 913 916
f 916 913 914
f 913 911 914
f 918 915 919
f 915 916 919
f 919 916 917
f 916 914 917
f 921 918 922
f 918 919 922
f 922 919 920
f 919 917 920
f 924 921 925
f 921 922 925
f 925 922 923
f 922 920 923
f 927 924 928
f 924 925 928
f 928 925 926
f 925 923 926
f 930 927 931
f 927 928 931
f 931 928 929
f 928 926 929
f 933 930 934
f 930 931 934
f 934 931 932
f 931 929 932
f 936 933 937
f 933 934 937
f 937 934 935
f 934 932 935
f 939 936 940
f 936 937 940
f 940 937 938
f 937 935 938
f 893 939 895
f 939 940 895
f 895 940 894
f 940 938 894
f 851 854 924
f 854 921 924
f 876 878 900
f 878 897 900
f 854 857 921
f 857 918 921
f 893 881 939
f 881 836 939
f 878 881 897
f 881 893 897
f 857 861 918
f 861 915 918
f 939 836 936
f 836 840 936
f 861 863 915
f 863 912 915
f 840 842 936
f 842 933 936
f 863 866 912
f 866 909 912
f 842 846 933
f 846 930 933
f 866 869 909
f 869 906 909
f 846 848 930
f 848 927 930
f 869 872 906
f 872 903 906
f 848 851 927
f 851 924 927
f 948 991 950
f 991 990 950
f 977 981 1008
f 981 1005 1008
f 996 975 995
f 975 972 995
f 992 995 963
f 995 965 963
f 980 978 984
f 978 997 984
f 987 994 942
f 994 991 942
f 995 972 965
f 972 969 965
f 954 989 957
f 989 960 957
f 984 997 987
f 997 994 987
f 997 978 996
f 978 975 996
f 942 991 944
f 991 948 944
f 950 990 954
f 990 989 954
f 989 992 960
f 992 963 960
f 945 946 947
f 946 949 947
f 946 944 949
f 944 948 949
f 951 952 953
f 952 955 953
f 952 950 955
f 950 954 955
f 966 967 968
f 967 970 968
f 967 965 970
f 965 969 970
f 953 955 956
f 955 958 956
f 955 954 958
f 954 957 958
f 956 958 959
f 958 961 959
f 958 957 961
f 957 960 961
f 968 970 971
f 970 973 971
f 970 969 973
f 969 972 973
f 971 973 974
f 973 976 974
f 973 972 976
f 972 975 976
f 981 982 983
f 982 985 983
f 982 980 985
f 980 984 985
f 959 961 962
f 961 964 962
f 961 960 964
f 960 963 964
f 962 964 966
f 964 967 966
f 964 963 967
f 963 965 967
f 974 976 977
f 976 979 977
f 976 975 979
f 975 978 979
f 977 979 981
f 979 982 981
f 979 978 982
f 978 980 982
f 983 985 986
f 985 988 986
f 985 984 988
f 984 987 988
f 947 949 951
f 949 952 951
f 949 948 952
f 948 950 952
f 986 988 941
f 988 943 941
f 988 987 943
f 987 942 943
f 941 943 945
f 943 946 945
f 943 942 946
f 942 944 946
f 990 993 989
f 993 992 989
f 993 996 992
f 996 995 992
f 991 994 990
f 994 993 990
f 994 997 993
f 997 996 993
f 1002 998 1003
f 998 1000 1003
f 1003 1000 1001
f 1000 999 1001
f 1005 1002 1006
f 1002 1003 1006
f 1006 1003 1004
f 1003 1001 1004
f 1008 1005 1009
f 1005 1006 1009
f 1009 1006 1007
f 1006 1004 1007
f 1011 1008 1012
f 1008 1009 1012
f 1012 1009 1010
f 1009 1007 1010
f 1014 1011 1015
f 1011 1012 1015
f 1015 1012 1013
f 1012 1010 1013
f 1017 1014 1018
f 1014 1015 1018
f 1018 1015 1016
f 1015 1013 1016
f 1020 1017 1021
f 1017 1018 1021
f 1021 1018 1019
f 1018 1016 1019
f 1023 1020 1024
f 1020 1021 1024
f 1024 1021 1022
f 1021 1019 1022
f 1026 1023 1027
f 1023 1024 1027
f 1027 1024 1025
f 1024 1022 1025
f 1029 1026 1030
f 1026 1027 1030
f 1030 1027 1028
f 1027 1025 1028
f 1032 1029 1033
f 1029 1030 1033
f 1033 1030 1031
f 1030 1028 1031
f 1035 1032 1036
f 1032 1033 1036
f 1036 1033 1034
f 1033 1031 1034
f 1038 1035 1039
f 1035 1036 1039
f 1039 1036 1037
f 1036 1034 1037
f 1041 1038 1042
f 1038 1039 1042
f 1042 1039 1040
f 1039 1037 1040
f 1044 1041 1045
f 1041 1042 1045
f 1045 1042 1043
f 1042 1040 1043
f 998 1044 1000
f 1044 1045 1000
f 1000 1045 999
f 1045 1043 999
f 956 959 1029
f 959 1026 1029
f 981 983 1005
f 983 1002 1005
f 959 962 1026
f 962 1023 1026
f 998 986 1044
f 986 941 1044
f 983 986 1002
f 986 998 1002
f 962 966 1023
f 966 1020 1023
f 1044 941 1041
f 941 945 1041
f 966 968 1020
f 968 1017 1020
f 945 947 1041
f 947 1038 1041
f 968 971 1017
f 971 1014 1017
f 947 951 1038
f 951 1035 1038
f 971 974 1014
f 974 1011 1014
f 951 953 1035
f 953 1032 1035
f 974 977 1011
f 977 1008 1011
f 953 956 1032
f 956 1029 1032
f 1053 1096 1055
f 1096 1095 1055
f 1082 1086 1113
f 1086 1110 1113
f 1101 1080 1100
f 1080 1077 1100
f 1097 1100 1068
f 1100 1070 1068
f 1085 1083 1089
f 1083 1102 1089
f 1092 1099 1047
f 1099 1096 1047
f 1100 1077 1070
f 1077 1074 1070
f 1059 1094 1062
f 1094 1065 1062
f 1089 1102 1092
f 1102 1099 1092
f 1102 1083 1101
f 1083 1080 1101
f 1047 1096 1049
f 1096 1053 1049
f 1055 1095 1059
f 1095 1094 1059
f 1094 1097 1065
f 1097 1068 1065
f 1050 1051 1052
f 1051 1054 1052
f 1051 1049 1054
f 1049 1053 1054
f 1056 1057 1058
f 1057 1060 1058
f 1057 1055 1060
f 1055 1059 1060
f 1071 1072 1073
f 1072 1075 1073
f 1072 1070 1075
f 1070 1074 1075
f 1058 1060 1061
f 1060 1063 1061
f 1060 1059 1063
f 1059 1062 1063
f 1061 1063 1064
f 1063 1066 1064
f 1063 1062 1066
f 1062 1065 1066
f 1073 1075 1076
f 1075 1078 1076
f 1075 1074 1078
f 1074 1077 1078
f 1076 1078 1079
f 1078 1081 1079
f 1078 1077 1081
f 1077 1080 1081
f 1086 1087 1088
f 1087 1090 1088
f 1087 1085 1090
f 1085 1089 1090
f 1064 1066 1067
f 1066 1069 1067
f 1066 1065 1069
f 1065 1068 1069
f 1067 1069 1071
f 1069 1072 1071
f 1069 1068 1072
f 1068 1070 1072
f 1079 1081 1082
f 1081 1084 1082
f 1081 1080 1084
f 1080 1083 1084
f 1082 1084 1086
f 1084 1087 1086
f 1084 1083 1087
f 1083 1085 1087
f 1088 1090 1091
f 1090 1093 1091
f 1090 1089 1093
f 1089 1092 1093
f 1052 1054 1056
f 1054 1057 1056
f 1054 1053 1057
f 1053 1055 1057
f 1091 1093 1046
f 1093 1048 1046
f 1093 1092 1048
f 1092 1047 1048
f 1046 1048 1050
f 1048 1051 1050
f 1048 1047 1051
f 1047 1049 1051
f 1095 1098 1094
f 1098 1097 1094
f 1098 1101 1097
f 1101 1100 1097
f 1096 1099 1095
f 1099 1098 1095
f 1099 1102 1098
f 1102 1101 1098
f 1107 1103 1108
f 1103 1105 1108
f 1108 1105 1106
f 1105 1104 1106
f 1110 1107 1111
f 1107 1108 1111
f 1111 1108 1109
f 1108 1106 1109
f 1113 1110 1114
f 1110 1111 1114
f 1114 1111 1112
f 1111 1109 1112
f 1116 1113 1117
f 1113 1114 1117
f 1117 1114 1115
f 1114 1112 1115
f 1119 1116 1120
f 1116 1117 1120
f 1120 1117 1118
f 1117 1115 1118
f 1122 1119 1123
f 1119 1120 1123
f 1123 1120 1121
f 1120 1118 1121
f 1125 1122 1126
f 1122 1123 1126
f 1126 1123 1124
f 1123 1121 1124
f 1128 1125 1129
f 1125 1126 1129
f 1129 1126 1127
f 1126 1124 1127
f 1131 1128 1132
f 1128 1129 1132
f 1132 1129 1130
f 1129 1127 1130
f 1134 1131 1135
f 1131 1132 1135
f 1135 1132 1133
f 1132 1130 1133
f 1137 1134 1138
f 1134 1135 1138
f 1138 1135 1136
f 1135 1133 1136
f 1140 1137 1141
f 1137 1138 1141
f 1141 1138 1139
f 1138 1136 1139
f 1143 1140 1144
f 1140 1141 1144
f 1144 1141 1142
f 1141 1139 1142
f 1146 1143 1147
f 1143 1144 1147
f 1147 1144 1145
f 1144 1142 1145
f 1149 1146 1150
f 1146 1147 1150
f 1150 1147 1148
f 1147 1145 1148
f 1103 1149 1105
f 1149 1150 1105
f 1105 1150 1104
f 1150 1148 1104
f 1061 1064 1134
f 1064 1131 1134
f 1086 1088 1110
f 1088 1107 1110
f 1064 1067 1131
f 1067 1128 1131
f 1103 1091 1149
f 1091 1046 1149
f 1088 1091 1107
f 1091 1103 1107
f 1067 1071 1128
f 1071 1125 1128
f 1149 1046 1146
f 1046 1050 1146
f 1071 1073 1125
f 1073 1122 1125
f 1050 1052 1146
f 1052 1143 1146
f 1073 1076 1122
f 1076 1119 1122
f 1052 1056 1143
f 1056 1140 1143
f 1076 1079 1119
f 1079 1116 1119
f 1056 1058 1140
f 1058 1137 1140
f 1079 1082 1116
f 1082 1113 1116
f 1058 1061 1137
f 1061 1134 1137
f 1158 1201 1160
f 1201 1200 1160
f 1187 1191 1218
f 1191 1215 1218
f 1206 1185 1205
f 1185 1182 1205
f 1202 1205 1173
f 1205 1175 1173
f 1190 1188 1194
f 1188 1207 1194
f 1197 1204 1152
f 1204 1201 1152
f 1205 1182 1175
f 1182 1179 1175
f 1164 1199 1167
f 1199 1170 1167
f 1194 1207 1197
f 1207 1204 1197
f 1207 1188 1206
f 1188 1185 1206
f 1152 1201 1154
f 1201 1158 1154
f 1160 1200 1164
f 1200 1199 1164
f 1199 1202 1170
f 1202 1173 1170
f 1155 1156 1157
f 1156 1159 1157
f 1156 1154 1159
f 1154 1158 1159
f 1161 1162 1163
f 1162 1165 1163
f 1162 1160 1165
f 1160 1164 1165
f 1176 1177 1178
f 1177 1180 1178
f 1177 1175 1180
f 1175 1179 1180
f 1163 1165 1166
f 1165 1168 1166
f 1165 1164 1168
f 1164 1167 1168
f 1166 1168 1169
f 1168 1171 1169
f 1168 1167 1171
f 1167 1170 1171
f 1178 1180 1181
f 1180 1183 1181
f 1180 1179 1183
f 1179 1182 1183
f 1181 1183 1184
f 1183 1186 1184
f 1183 1182 1186
f 1182 1185 1186
f 1191 1192 1193
f 1192 1195 1193
f 1192 1190 1195
f 1190 1194 1195
f 1169 1171 1172
f 1171 1174 1172
f 1171 1170 1174
f 1170 1173 1174
f 1172 1174 1176
f 1174 1177 1176
f 1174 1173 1177
f 1173 1175 1177
f 1184 1186 1187
f 1186 1189 1187
f 1186 1185 1189
f 1185 1188 1189
f 1187 1189 1191
f 1189 1192 1191
f 1189 1188 1192
f 1188 1190 1192
f 1193 1195 1196
f 1195 1198 1196
f 1195 1194 1198
f 1194 1197 1198
f 1157 1159 1161
f 1159 1162 1161
f 1159 1158 1162
f 1158 1160 1162
f 1196 1198 1151
f 1198 1153 1151
f 1198 1197 1153
f 1197 1152 1153
f 1151 1153 1155
f 1153 1156 1155
f 1153 1152 1156
f 1152 1154 1156
f 1200 1203 1199
f 1203 1202 1199
f 1203 1206 1202
f 1206 1205 1202
f 1201 1204 1200
f 1204 1203 1200
f 1204 1207 1203
f 1207 1206 1203
f 1212 1208 1213
f 1208 1210 1213
f 1213 1210 1211
f 1210 1209 1211
f 1215 1212 1216
f 1212 1213 1216
f 1216 1213 1214
f 1213 1211 1214
f 1218 1215 1219
f 1215 1216 1219
f 1219 1216 1217
f 1216 1214 1217
f 1221 1218 1222
f 1218 1219 1222
f 1222 1219 1220
f 1219 1217 1220
f 1224 1221 1225
f 1221 1222 1225
f 1225 1222 1223
f 1222 1220 1223
f 1227 1224 1228
f 1224 1225 1228
f 1228 1225 1226
f 1225 1223 1226
f 1230 1227 1231
f 1227 1228 1231
f 1231 1228 1229
f 1228 1226 1229
f 1233 1230 1234
f 1230 1231 1234
f 1234 1231 1232
f 1231 1229 1232
f 1236 1233 1237
f 1233 1234 1237
f 1237 1234 1235
f 1234 1232 1235
f 1239 1236 1240
f 1236 1237 1240
f 1240 1237 1238
f 1237 1235 1238
f 1242 1239 1243
f 1239 1240 1243
f 1243 1240 1241
f 1240 1238 1241
f 1245 1242 1246
f 1242 1243 1246
f 1246 1243 1244
f 1243 1241 1244
f 1248 1245 1249
f 1245 1246 1249
f 1249 1246 1247
f 1246 1244 1247
f 1251 1248 1252
f 1248 1249 1252
f 1252 1249 1250
f 1249 1247 1250
f 1254 1251 1255
f 1251 1252 1255
f 1255 1252 1253
f 1252 1250 1253
f 1208 1254 1210
f 1254 1255 1210
f 1210 1255 1209
f 1255 1253 1209
f 1166 1169 1239
f 1169 1236 1239
f 1191 1193 1215
f 1193 1212 1215
f 1169 1172 1236
f 1172 1233 1236
f 1208 1196 1254
f 1196 1151 1254
f 1193 1196 1212
f 1196 1208 1212
f 1172 1176 1233
f 1176 1230 1233
f 1254 1151 1251
f 1151 1155 1251
f 1176 1178 1230
f 1178 1227 1230
f 1155 1157 1251
f 1157 1248 1251
f 1178 1181 1227
f 1181 1224 1227
f 1157 1161 1248
f 1161 1245 1248
f 1181 1184 1224
f 1184 1221 1224
f 1161 1163 1245
f 1163 1242 1245
f 1184 1187 1221
f 1187 1218 1221
f 1163 1166 1242
f 1166 1239 1242
f 1263 1306 1265
f 1306 1305 1265
f 1292 1296 1323
f 1296 1320 1323
f 1311 1290 1310
f 1290 1287 1310
f 1307 1310 1278
f 1310 1280 1278
f 1295 1293 1299
f 1293 1312 1299
f 1302 1309 1257
f 1309 1306 1257
f 1310 1287 1280
f 1287 1284 1280
f 1269 1304 1272
f 1304 1275 1272
f 1299 1312 1302
f 1312 1309 1302
f 1312 1293 1311
f 1293 1290 1311
f 1257 1306 1259
f 1306 1263 1259
f 1265 1305 1269
f 1305 1304 1269
f 1304 1307 1275
f 1307 1278 1275
f 1260 1261 1262
f 1261 1264 1262
f 1261 1259 1264
f 1259 1263 1264
f 1266 1267 1268
f 1267 1270 1268
f 1267 1265 1270
f 1265 1269 1270
f 1281 1282 1283
f 1282 1285 1283
f 1282 1280 1285
f 1280 1284 1285
f 1268 1270 1271
f 1270 1273 1271
f 1270 1269 1273
f 1269 1272 1273
f 1271 1273 1274
f 1273 1276 1274
f 1273 1272 1276
f 1272 1275 1276
f 1283 1285 1286
f 1285 1288 1286
f 1285 1284 1288
f 1284 1287 1288
f 1286 1288 1289
f 1288 1291 1289
f 1288 1287 1291
f 1287 1290 1291
f 1296 1297 1298
f 1297 1300 1298
f 1297 1295 1300
f 1295 1299 1300
f 1274 1276 1277
f 1276 1279 1277
f 1276 1275 1279
f 1275 1278 1279
f 1277 1279 1281
f 1279 1282 1281
f 1279 1278 1282
f 1278 1280 1282
f 1289 1291 1292
f 1291 1294 1292
f 1291 1290 1294
f 1290 1293 1294
f 1292 1294 1296
f 1294 1297 1296
f 1294 1293 1297
f 1293 1295 1297
f 1298 1300 1301
f 1300 1303 1301
f 1300 1299 1303
f 1299 1302 1303
f 1262 1264 1266
f 1264 1267 1266
f 1264 1263 1267
f 1263 1265 1267
f 1301 1303 1256
f 1303 1258 1256
f 1303 1302 1258
f 1302 1257 1258
f 1256 1258 1260
f 1258 1261 1260
f 1258 1257 1261
f 1257 1259 1261
f 1305 1308 1304
f 1308 1307 1304
f 1308 1311 1307
f 1311 1310 1307
f 1306 1309 1305
f 1309 1308 1305
f 1309 1312 1308
f 1312 1311 1308
f 1317 1313 1318
f 1313 1315 1318
f 1318 1315 1316
f 1315 1314 1316
f 1320 1317 1321
f 1317 1318 1321
f 1321 1318 1319
f 1318 1316 1319
f 1323 1320 1324
f 1320 1321 1324
f 1324 1321 1322
f 1321 1319 1322
f 1326 1323 1327
f 1323 1324 1327
f 1327 1324 1325
f 1324 1322 1325
f 1329 1326 1330
f 1326 1327 1330
f 1330 1327 1328
f 1327 1325 1328
f 1332 1329 1333
f 1329 1330 1333
f 1333 1330 1331
f 1330 1328 1331
f 1335 1332 1336
f 1332 1333 1336
f 1336 1333 1334
f 1333 1331 1334
f 1338 1335 1339
f 1335 1336 1339
f 1339 1336 1337
f 1336 1334 1337
f 1341 1338 1342
f 1338 1339 1342
f 1342 1339 1340
f 1339 1337 1340
f 1344 1341 1345
f 1341 1342 1345
f 1345 1342 1343
f 1342 1340 1343
f 1347 1344 1348
f 1344 1345 1348
f 1348 1345 1346
f 1345 1343 1346
f 1350 1347 1351
f 1347 1348 1351
f 1351 1348 1349
f 1348 1346 1349
f 1353 1350 1354
f 1350 1351 1354
f 1354 1351 1352
f 1351 1349 1352
f 1356 1353 1357
f 1353 1354 1357
f 1357 1354 1355
f 1354 1352 1355
f 1359 1356 1360
f 1356 1357 1360
f 1360 1357 1358
f 1357 1355 1358
f 1313 1359 1315
f 1359 1360 1315
f 1315 1360 1314
f 1360 1358 1314
f 1271 1274 1344
f 1274 1341 1344
f 1296 1298 1320
f 1298 1317 1320
f 1274 1277 1341
f 1277 1338 1341
f 1313 1301 1359
f 1301 1256 1359
f 1298 1301 1317
f 1301 1313 1317
f 1277 1281 1338
f 1281 1335 1338
f 1359 1256 1356
f 1256 1260 1356
f 1281 1283 1335
f 1283 1332 1335
f 1260 1262 1356
f 1262 1353 1356
f 1283 1286 1332
f 1286 1329 1332
f 1262 1266 1353
f 1266 1350 1353
f 1286 1289 1329
f 1289 1326 1329
f 1266 1268 1350
f 1268 1347 1350
f 1289 1292 1326
f 1292 1323 1326
f 1268 1271 1347
f 1271 1344 1347
f 1368 1411 1370
f 1411 1410 1370
f 1397 1401 1428
f 1401 1425 1428
f 1416 1395 1415
f 1395 1392 1415
f 1412 1415 1383
f 1415 1385 1383
f 1400 1398 1404
f 1398 1417 1404
f 1407 1414 1362
f 1414 1411 1362
f 1415 1392 1385
f 1392 1389 1385
f 1374 1409 1377
f 1409 1380 1377
f 1404 1417 1407
f 1417 1414 1407
f 1417 1398 1416
f 1398 1395 1416
f 1362 1411 1364
f 1411 1368 1364
f 1370 1410 1374
f 1410 1409 1374
f 1409 1412 1380
f 1412 1383 1380
f 1365 1366 1367
f 1366 1369 1367
f 1366 1364 1369
f 1364 1368 1369
f 1371 1372 1373
f 1372 1375 1373
f 1372 1370 1375
f 1370 1374 1375
f 1386 1387 1388
f 1387 1390 1388
f 1387 1385 1390
f 1385 1389 1390
f 1373 1375 1376
f 1375 1378 1376
f 1375 1374 1378
f 1374 1377 1378
f 1376 1378 1379
f 1378 1381 1379
f 1378 1377 1381
f 1377 1380 1381
f 1388 1390 1391
f 1390 1393 1391
f 1390 1389 1393
f 1389 1392 1393
f 1391 1393 1394
f 1393 1396 1394
f 1393 1392 1396
f 1392 1395 1396
f 1401 1402 1403
f 1402 1405 1403
f 1402 1400 1405
f 1400 1404 1405
f 1379 1381 1382
f 1381 1384 1382
f 1381 1380 1384
f 1380 1383 1384
f 1382 1384 1386
f 1384 1387 1386
f 1384 1383 1387
f 1383 1385 1387
f 1394 1396 1397
f 1396 1399 1397
f 1396 1395 1399
f 1395 1398 1399
f 1397 1399 1401
f 1399 1402 1401
f 1399 1398 1402
f 1398 1400 1402
f 1403 1405 1406
f 1405 1408 1406
f 1405 1404 1408
f 1404 1407 1408
f 1367 1369 1371
f 1369 1372 1371
f 1369 1368 1372
f 1368 1370 1372
f 1406 1408 1361
f 1408 1363 1361
f 1408 1407 1363
f 1407 1362 1363
f 1361 1363 1365
f 1363 1366 1365
f 1363 1362 1366
f 1362 1364 1366
f 1410 1413 1409
f 1413 1412 1409
f 1413 1416 1412
f 1416 1415 1412
f 1411 1414 1410
f 1414 1413 1410
f 1414 1417 1413
f 1417 1416 1413
f 1422 1418 1423
f 1418 1420 1423
f 1423 1420 1421
f 1420 1419 1421
f 1425 1422 1426
f 1422 1423 1426
f 1426 1423 1424
f 1423 1421 1424
f 1428 1425 1429
f 1425 1426 1429
f 1429 1426 1427
f 1426 1424 1427
f 1431 1428 1432
f 1428 1429 1432
f 1432 1429 1430
f 1429 1427 1430
f 1434 1431 1435
f 1431 1432 1435
f 1435 1432 1433
f 1432 1430 1433
f 1437 1434 1438
f 1434 1435 1438
f 1438 1435 1436
f 1435 1433 1436
f 1440 1437 1441
f 1437 1438 1441
f 1441 1438 1439
f 1438 1436 1439
f 1443 1440 1444
f 1440 1441 1444
f 1444 1441 1442
f 1441 1439 1442
f 1446 1443 1447
f 1443 1444 1447
f 1447 1444 1445
f 1444 1442 1445
f 1449 1446 1450
f 1446 1447 1450
f 1450 1447 1448
f 1447 1445 1448
f 1452 1449 1453
f 1449 1450 1453
f 1453 1450 1451
f 1450 1448 1451
f 1455 1452 1456
f 1452 1453 1456
f 1456 1453 1454
f 1453 1451 1454
f 1458 1455 1459
f 1455 1456 1459
f 1459 1456 1457
f 1456 1454 1457
f 1461 1458 1462
f 1458 1459 1462
f 1462 1459 1460
f 1459 1457 1460
f 1464 1461 1465
f 1461 1462 1465
f 1465 1462 1463
f 1462 1460 1463
f 1418 1464 1420
f 1464 1465 1420
f 1420 1465 1419
f 1465 1463 1419
f 1376 1379 1449
f 1379 1446 1449
f 1401 1403 1425
f 1403 1422 1425
f 1379 1382 1446
f 1382 1443 1446
f 1418 1406 1464
f 1406 1361 1464
f 1403 1406 1422
f 1406 1418 1422
f 1382 1386 1443
f 1386 1440 1443
f 1464 1361 1461
f 1361 1365 1461
f 1386 1388 1440
f 1388 1437 1440
f 1365 1367 1461
f 1367 1458 1461
f 1388 1391 1437
f 1391 1434 1437
f 1367 1371 1458
f 1371 1455 1458
f 1391 1394 1434
f 1394 1431 1434
f 1371 1373 1455
f 1373 1452 1455
f 1394 1397 1431
f 1397 1428 1431
f 1373 1376 1452
f 1376 1449 1452
f 1473 1516 1475
f 1516 1515 1475
f 1502 1506 1533
f 1506 1530 1533
f 1521 1500 1520
f 1500 1497 1520
f 1517 1520 1488
f 1520 1490 1488
f 1505 1503 1509
f 1503 1522 1509
f 1512 1519 1467
f 1519 1516 1467
f 1520 1497 1490
f 1497 1494 1490
f 1479 1514 1482
f 1514 1485 1482
f 1509 1522 1512
f 1522 1519 1512
f 1522 1503 1521
f 1503 1500 1521
f 1467 1516 1469
f 1516 1473 1469
f 1475 1515 1479
f 1515 1514 1479
f 1514 1517 1485
f 1517 1488 1485
f 1470 1471 1472
f 1471 1474 1472
f 1471 1469 1474
f 1469 1473 1474
f 1476 1477 1478
f 1477 1480 1478
f 1477 1475 1480
f 1475 1479 1480
f 1491 1492 1493
f 1492 1495 1493
f 1492 1490 1495
f 1490 1494 1495
f 1478 1480 1481
f 1480 1483 1481
f 1480 1479 1483
f 1479 1482 1483
f 1481 1483 1484
f 1483 1486 1484
f 1483 1482 1486
f 1482 1485 1486
f 1493 1495 1496
f 1495 1498 1496
f 1495 1494 1498
f 1494 1497 1498
f 1496 1498 1499
f 1498 1501 1499
f 1498 1497 1501
f 1497 1500 1501
f 1506 1507 1508
f 1507 1510 1508
f 1507 1505 1510
f 1505 1509 1510
f 1484 1486 1487
f 1486 1489 1487
f 1486 1485 1489
f 1485 1488 1489
f 1487 1489 1491
f 1489 1492 1491
f 1489 1488 1492
f 1488 1490 1492
f 1499 1501 1502
f 1501 1504 1502
f 1501 1500 1504
f 1500 1503 1504
f 1502 1504 1506
f 1504 1507 1506
f 1504 1503 1507
f 1503 1505 1507
f 1508 1510 1511
f 1510 1513 1511
f 1510 1509 1513
f 1509 1512 1513
f 1472 1474 1476
f 1474 1477 1476
f 1474 1473 1477
f 1473 1475 1477
f 1511 1513 1466
f 1513 1468 1466
f 1513 1512 1468
f 1512 1467 1468
f 1466 1468 1470
f 1468 1471 1470
f 1468 1467 1471
f 1467 1469 1471
f 1515 1518 1514
f 1518 1517 1514
f 1518 1521 1517
f 1521 1520 1517
f 1516 1519 1515
f 1519 1518 1515
f 1519 1522 1518
f 1522 1521 1518
f 1527 1523 1528
f 1523 1525 1528
f 1528 1525 1526
f 1525 1524 1526
f 1530 1527 1531
f 1527 1528 1531
f 1531 1528 1529
f 1528 1526 1529
f 1533 1530 1534
f 1530 1531 1534
f 1534 1531 1532
f 1531 1529 1532
f 1536 1533 1537
f 1533 1534 1537
f 1537 1534 1535
f 1534 1532 1535
f 1539 1536 1540
f 1536 1537 1540
f 1540 1537 1538
f 1537 1535 1538
f 1542 1539 1543
f 1539 1540 1543
f 1543 1540 1541
f 1540 1538 1541
f 1545 1542 1546
f 1542 1543 1546
f 1546 1543 1544
f 1543 1541 1544
f 1548 1545 1549
f 1545 1546 1549
f 1549 1546 1547
f 1546 1544 1547
f 1551 1548 1552
f 1548 1549 1552
f 1552 1549 1550
f 1549 1547 1550
f 1554 1551 1555
f 1551 1552 1555
f 1555 1552 1553
f 1552 1550 1553
f 1557 1554 1558
f 1554 1555 1558
f 1558 1555 1556
f 1555 1553 1556
f 1560 1557 1561
f 1557 1558 1561
f 1561 1558 1559
f 1558 1556 1559
f 1563 1560 1564
f 1560 1561 1564
f 1564 1561 1562
f 1561 1559 1562
f 1566 1563 1567
f 1563 1564 1567
f 1567 1564 1565
f 1564 1562 1565
f 1569 1566 1570
f 1566 1567 1570
f 1570 1567 1568
f 1567 1565 1568
f 1523 1569 1525
f 1569 1570 1525
f 1525 1570 1524
f 1570 1568 1524
f 1481 1484 1554
f 1484 1551 1554
f 1506 1508 1530
f 1508 1527 1530
f 1484 1487 1551
f 1487 1548 1551
f 1523 1511 1569
f 1511 1466 1569
f 1508 1511 1527
f 1511 1523 1527
f 1487 1491 1548
f 1491 1545 1548
f 1569 1466 1566
f 1466 1470 1566
f 1491 1493 1545
f 1493 1542 1545
f 1470 1472 1566
f 1472 1563 1566
f 1493 1496 1542
f 1496 1539 1542
f 1472 1476 1563
f 1476 1560 1563
f 1496 1499 1539
f 1499 1536 1539
f 1476 1478 1560
f 1478 1557 1560
f 1499 1502 1536
f 1502 1533 1536
f 1478 1481 1557
f 1481 1554 1557
o Part.2
v -0.04 9.62 -0.04
v -0.04 19.18 -0.04
v -1.6 9.62 -1.6
v -1.6 18.1 -1.6
v -4 19.18 -0.04
v -4 9.62 -1.6
v -4 9.62 -0.04
v -4 18.1 -1.6
v -8 9.62 -0.04
v -8 18.1 -1.6
v -8 19.18 -0.04
v -12 9.62 -1.6
v -12 18.1 -1.6
v -8 9.62 -1.6
v -12 9.62 -0.04
v -12 19.18 -0.04
v -31.96 9.62 -0.04
v -31.96 19.18 -0.04
v -30.4 9.62 -1.6
v -30.4 18.1 -1.6
v -28 19.18 -0.04
v -28 9.62 -1.6
v -28 9.62 -0.04
v -28 18.1 -1.6
v -24 9.62 -0.04
v -24 18.1 -1.6
v -24 19.18 -0.04
v -20 9.62 -1.6
v -20 18.1 -1.6
v -24 9.62 -1.6
v -16 9.62 -1.6
v -16 19.18 -0.04
v -16 18.1 -1.6
v -16 9.62 -0.04
v -20 9.62 -0.04
v -20 19.18 -0.04
v -0.04 9.62 -7.96
v -0.04 19.18 -7.96
v -1.6 9.62 -6.4
v -1.6 18.1 -6.4
v -4 19.18 -7.96
v -4 9.62 -6.4
v -4 9.62 -7.96
v -4 18.1 -6.4
v -8 9.62 -7.96
v -8 18.1 -6.4
v -8 19.18 -7.96
v -12 9.62 -6.4
v -12 18.1 -6.4
v -8 9.62 -6.4
v -12 9.62 -7.96
v -12 19.18 -7.96
v -0.04 9.62 -4
v -0.04 19.18 -4
v -1.6 9.62 -4
v -1.6 18.1 -4
v -4 19.18 -4
v -12 18.1 -4
v -4 18.1 -4
v -12 19.18 -4
v -8 19.18 -4
v -8 18.1 -4
v -31.96 9.62 -7.96
v -31.96 19.18 -7.96
v -30.4 9.62 -6.4
v -30.4 18.1 -6.4
v -28 19.18 -7.96
v -28 9.62 -6.4
v -28 9.62 -7.96
v -28 18.1 -6.4
v -24 9.62 -7.96
v -24 18.1 -6.4
v -24 19.18 -7.96
v -20 9.62 -6.4
v -20 18.1 -6.4
v -24 9.62 -6.4
v -16 9.62 -6.4
v -16 19.18 -7.96
v -16 18.1 -6.4
v -16 9.62 -7.96
v -20 9.62 -7.96
v -20 19.18 -7.96
v -16 18.1 -4
v -16 19.18 -4
v -31.96 9.62 -4
v -31.96 19.18 -4
v -30.4 9.62 -4
v -30.4 18.1 -4
v -28 19.18 -4
v -20 18.1 -4
v -28 18.1 -4
v -20 19.18 -4
v -24 19.18 -4
v -24 18.1 -4
v -0.04 9.62 -4
v -0.04 9.62 -0.04
v -0.04 9.62 -0.04
v -0.04 19.18 -0.04
v -0.04 19.18 -0.04
v -1.6 9.62 -1.6
v -1.6 9.62 -1.6
v -1.6 18.1 -1.6
v -1.6 18.1 -1.6
v -1.6 18.1 -4
v -0.04 19.18 -4
v -1.6 9.62 -4
v -8 19.18 -0.04
v -4 19.18 -0.04
v -4 9.62 -0.04
v -4 18.1 -1.6
v -8 9.62 -1.6
v -12 9.62 -1.6
v -12 9.62 -0.04
v -8 9.62 -0.04
v -16 9.62 -1.6
v -12 18.1 -1.6
v -16 18.1 -1.6
v -12 19.18 -0.04
v -16 9.62 -0.04
v -16 19.18 -0.04
v -8 18.1 -1.6
v -4 9.62 -1.6
v -31.96 9.62 -4
v -31.96 9.62 -0.04
v -31.96 9.62 -0.04
v -31.96 19.18 -0.04
v -31.96 19.18 -0.04
v -30.4 9.62 -1.6
v -30.4 9.62 -1.6
v -30.4 18.1 -1.6
v -30.4 18.1 -1.6
v -30.4 18.1 -4
v -31.96 19.18 -4
v -30.4 9.62 -4
v -24 19.18 -0.04
v -28 19.18 -0.04
v -28 9.62 -0.04
v -28 18.1 -1.6
v -24 9.62 -1.6
v -20 9.62 -1.6
v -20 9.62 -0.04
v -24 9.62 -0.04
v -20 18.1 -1.6
v -20 19.18 -0.04
v -24 18.1 -1.6
v -28 9.62 -1.6
v -0.04 9.62 -7.96
v -0.04 9.62 -7.96
v -0.04 19.18 -7.96
v -0.04 19.18 -7.96
v -1.6 9.62 -6.4
v -1.6 9.62 -6.4
v -1.6 18.1 -6.4
v -1.6 18.1 -6.4
v -8 19.18 -7.96
v -4 19.18 -7.96
v -4 9.62 -7.96
v -4 18.1 -6.4
v -8 9.62 -6.4
v -12 9.62 -6.4
v -12 9.62 -7.96
v -8 9.62 -7.96
v -16 9.62 -6.4
v -12 18.1 -6.4
v -16 18.1 -6.4
v -12 19.18 -7.96
v -16 9.62 -7.96
v -16 19.18 -7.96
v -8 18.1 -6.4
v -4 9.62 -6.4
v -31.96 9.62 -7.96
v -31.96 9.62 -7.96
v -31.96 19.18 -7.96
v -31.96 19.18 -7.96
v -30.4 9.62 -6.4
v -30.4 9.62 -6.4
v -30.4 18.1 -6.4
v -30.4 18.1 -6.4
v -24 19.18 -7.96
v -28 19.18 -7.96
v -28 9.62 -7.96
v -28 18.1 -6.4
v -24 9.62 -6.4
v -20 9.62 -6.4
v -20 9.62 -7.96
v -24 9.62 -7.96
v -20 18.1 -6.4
v -20 19.18 -7.96
v -24 18.1 -6.4
v -28 9.62 -6.4
v -27.082 20.75 -6.217
v -27.179 21 -5.982
v -27.11 20.927 -6.148
v -26.483 21 -5.517
v -26.303 20.75 -5.697
v -26.356 20.927 -5.644
v -25.783 20.75 -4.918
v -26.018 21 -4.821
v -25.852 20.927 -4.89
v -25.855 21 -4
v -25.6 20.75 -4
v -25.675 20.927 -4
v -25.783 20.75 -3.082
v -26.018 21 -3.179
v -25.852 20.927 -3.11
v -26.303 20.75 -2.303
v -26.483 21 -2.483
v -26.356 20.927 -2.356
v -27.082 20.75 -1.783
v -27.179 21 -2.018
v -27.11 20.927 -1.852
v -28 20.75 -1.6
v -28 21 -1.855
v -28 20.927 -1.675
v -28.821 21 -2.018
v -28.918 20.75 -1.783
v -28.89 20.927 -1.852
v -29.697 20.75 -2.303
v -29.517 21 -2.483
v -29.644 20.927 -2.356
v -30.217 20.75 -3.082
v -29.982 21 -3.179
v -30.148 20.927 -3.11
v -30.4 20.75 -4
v -30.145 21 -4
v -30.325 20.927 -4
v -30.217 20.75 -4.918
v -29.982 21 -4.821
v -30.148 20.927 -4.89
v -29.517 21 -5.517
v -29.697 20.75 -5.697
v -29.644 20.927 -5.644
v -28.918 20.75 -6.217
v -28.821 21 -5.982
v -28.89 20.927 -6.148
v -28 20.75 -6.4
v -28 21 -6.145
v -28 20.927 -6.325
v -26.937 21 -2.986
v -26.836 21 -4
v -26.937 21 -5.014
v -28 21 -2.903
v -28 21 -4
v -28 21 -5.097
v -29.063 21 -2.986
v -29.164 21 -4
v -29.063 21 -5.014
v -28 19.33 -6.4
v -28 19.18 -6.553
v -28 19.224 -6.445
v -28.977 19.18 -6.359
v -28.918 19.33 -6.217
v -28.936 19.224 -6.259
v -29.805 19.18 -5.805
v -29.697 19.33 -5.697
v -29.729 19.224 -5.729
v -30.359 19.18 -4.977
v -30.217 19.33 -4.918
v -30.259 19.224 -4.936
v -30.553 19.18 -4
v -30.4 19.33 -4
v -30.445 19.224 -4
v -30.359 19.18 -3.023
v -30.217 19.33 -3.082
v -30.259 19.224 -3.064
v -29.805 19.18 -2.195
v -29.697 19.33 -2.303
v -29.729 19.224 -2.271
v -28.977 19.18 -1.641
v -28.918 19.33 -1.783
v -28.936 19.224 -1.741
v -28 19.18 -1.447
v -28 19.33 -1.6
v -28 19.224 -1.555
v -27.023 19.18 -1.641
v -27.082 19.33 -1.783
v -27.064 19.224 -1.741
v -26.195 19.18 -2.195
v -26.303 19.33 -2.303
v -26.271 19.224 -2.271
v -25.641 19.18 -3.023
v -25.783 19.33 -3.082
v -25.741 19.224 -3.064
v -25.447 19.18 -4
v -25.6 19.33 -4
v -25.555 19.224 -4
v -25.641 19.18 -4.977
v -25.783 19.33 -4.918
v -25.741 19.224 -4.936
v -26.195 19.18 -5.805
v -26.303 19.33 -5.697
v -26.271 19.224 -5.729
v -27.023 19.18 -6.359
v -27.082 19.33 -6.217
v -27.064 19.224 -6.259
v -19.082 20.75 -6.217
v -19.179 21 -5.982
v -19.11 20.927 -6.148
v -18.483 21 -5.517
v -18.303 20.75 -5.697
v -18.356 20.927 -5.644
v -17.783 20.75 -4.918
v -18.018 21 -4.821
v -17.852 20.927 -4.89
v -17.855 21 -4
v -17.6 20.75 -4
v -17.675 20.927 -4
v -17.783 20.75 -3.082
v -18.018 21 -3.179
v -17.852 20.927 -3.11
v -18.303 20.75 -2.303
v -18.483 21 -2.483
v -18.356 20.927 -2.356
v -19.082 20.75 -1.783
v -19.179 21 -2.018
v -19.11 20.927 -1.852
v -20 20.75 -1.6
v -20 21 -1.855
v -20 20.927 -1.675
v -20.821 21 -2.018
v -20.918 20.75 -1.783
v -20.89 20.927 -1.852
v -21.697 20.75 -2.303
v -21.517 21 -2.483
v -21.644 20.927 -2.356
v -22.217 20.75 -3.082
v -21.982 21 -3.179
v -22.148 20.927 -3.11
v -22.4 20.75 -4
v -22.145 21 -4
v -22.325 20.927 -4
v -22.217 20.75 -4.918
v -21.982 21 -4.821
v -22.148 20.927 -4.89
v -21.517 21 -5.517
v -21.697 20.75 -5.697
v -21.644 20.927 -5.644
v -20.918 20.75 -6.217
v -20.821 21 -5.982
v -20.89 20.927 -6.148
v -20 20.75 -6.4
v -20 21 -6.145
v -20 20.927 -6.325
v -18.937 21 -2.986
v -18.836 21 -4
v -18.937 21 -5.014
v -20 21 -2.903
v -20 21 -4
v -20 21 -5.097
v -21.063 21 -2.986
v -21.164 21 -4
v -21.063 21 -5.014
v -20 19.33 -6.4
v -20 19.18 -6.553
v -20 19.224 -6.445
v -20.977 19.18 -6.359
v -20.918 19.33 -6.217
v -20.936 19.224 -6.259
v -21.805 19.18 -5.805
v -21.697 19.33 -5.697
v -21.729 19.224 -5.729
v -22.359 19.18 -4.977
v -22.217 19.33 -4.918
v -22.259 19.224 -4.936
v -22.553 19.18 -4
v -22.4 19.33 -4
v -22.445 19.224 -4
v -22.359 19.18 -3.023
v -22.217 19.33 -3.082
v -22.259 19.224 -3.064
v -21.805 19.18 -2.195
v -21.697 19.33 -2.303
v -21.729 19.224 -2.271
v -20.977 19.18 -1.641
v -20.918 19.33 -1.783
v -20.936 19.224 -1.741
v -20 19.18 -1.447
v -20 19.33 -1.6
v -20 19.224 -1.555
v -19.023 19.18 -1.641
v -19.082 19.33 -1.783
v -19.064 19.224 -1.741
v -18.195 19.18 -2.195
v -18.303 19.33 -2.303
v -18.271 19.224 -2.271
v -17.641 19.18 -3.023
v -17.783 19.33 -3.082
v -17.741 19.224 -3.064
v -17.447 19.18 -4
v -17.6 19.33 -4
v -17.555 19.224 -4
v -17.641 19.18 -4.977
v -17.783 19.33 -4.918
v -17.741 19.224 -4.936
v -18.195 19.18 -5.805
v -18.303 19.33 -5.697
v -18.271 19.224 -5.729
v -19.023 19.18 -6.359
v -19.082 19.33 -6.217
v -19.064 19.224 -6.259
v -11.082 20.75 -6.217
v -11.179 21 -5.982
v -11.11 20.927 -6.148
v -10.483 21 -5.517
v -10.303 20.75 -5.697
v -10.356 20.927 -5.644
v -9.783 20.75 -4.918
v -10.018 21 -4.821
v -9.852 20.927 -4.89
v -9.855 21 -4
v -9.6 20.75 -4
v -9.675 20.927 -4
v -9.783 20.75 -3.082
v -10.018 21 -3.179
v -9.852 20.927 -3.11
v -10.303 20.75 -2.303
v -10.483 21 -2.483
v -10.356 20.927 -2.356
v -11.082 20.75 -1.783
v -11.179 21 -2.018
v -11.11 20.927 -1.852
v -12 20.75 -1.6
v -12 21 -1.855
v -12 20.927 -1.675
v -12.821 21 -2.018
v -12.918 20.75 -1.783
v -12.89 20.927 -1.852
v -13.697 20.75 -2.303
v -13.517 21 -2.483
v -13.644 20.927 -2.356
v -14.217 20.75 -3.082
v -13.982 21 -3.179
v -14.148 20.927 -3.11
v -14.4 20.75 -4
v -14.145 21 -4
v -14.325 20.927 -4
v -14.217 20.75 -4.918
v -13.982 21 -4.821
v -14.148 20.927 -4.89
v -13.517 21 -5.517
v -13.697 20.75 -5.697
v -13.644 20.927 -5.644
v -12.918 20.75 -6.217
v -12.821 21 -5.982
v -12.89 20.927 -6.148
v -12 20.75 -6.4
v -12 21 -6.145
v -12 20.927 -6.325
v -10.937 21 -2.986
v -10.836 21 -4
v -10.937 21 -5.014
v -12 21 -2.903
v -12 21 -4
v -12 21 -5.097
v -13.063 21 -2.986
v -13.164 21 -4
v -13.063 21 -5.014
v -12 19.33 -6.4
v -12 19.18 -6.553
v -12 19.224 -6.445
v -12.977 19.18 -6.359
v -12.918 19.33 -6.217
v -12.936 19.224 -6.259
v -13.805 19.18 -5.805
v -13.697 19.33 -5.697
v -13.729 19.224 -5.729
v -14.359 19.18 -4.977
v -14.217 19.33 -4.918
v -14.259 19.224 -4.936
v -14.553 19.18 -4
v -14.4 19.33 -4
v -14.445 19.224 -4
v -14.359 19.18 -3.023
v -14.217 19.33 -3.082
v -14.259 19.224 -3.064
v -13.805 19.18 -2.195
v -13.697 19.33 -2.303
v -13.729 19.224 -2.271
v -12.977 19.18 -1.641
v -12.918 19.33 -1.783
v -12.936 19.224 -1.741
v -12 19.18 -1.447
v -12 19.33 -1.6
v -12 19.224 -1.555
v -11.023 19.18 -1.641
v -11.082 19.33 -1.783
v -11.064 19.224 -1.741
v -10.195 19.18 -2.195
v -10.303 19.33 -2.303
v -10.271 19.224 -2.271
v -9.641 19.18 -3.023
v -9.783 19.33 -3.082
v -9.741 19.224 -3.064
v -9.447 19.18 -4
v -9.6 19.33 -4
v -9.555 19.224 -4
v -9.641 19.18 -4.977
v -9.783 19.33 -4.918
v -9.741 19.224 -4.936
v -10.195 19.18 -5.805
v -10.303 19.33 -5.697
v -10.271 19.224 -5.729
v -11.023 19.18 -6.359
v -11.082 19.33 -6.217
v -11.064 19.224 -6.259
v -3.082 20.75 -6.217
v -3.179 21 -5.982
v -3.11 20.927 -6.148
v -2.483 21 -5.517
v -2.303 20.75 -5.697
v -2.356 20.927 -5.644
v -1.783 20.75 -4.918
v -2.018 21 -4.821
v -1.852 20.927 -4.89
v -1.855 21 -4
v -1.6 20.75 -4
v -1.675 20.927 -4
v -1.783 20.75 -3.082
v -2.018 21 -3.179
v -1.852 20.927 -3.11
v -2.303 20.75 -2.303
v -2.483 21 -2.483
v -2.356 20.927 -2.356
v -3.082 20.75 -1.783
v -3.179 21 -2.018
v -3.11 20.927 -1.852
v -4 20.75 -1.6
v -4 21 -1.855
v -4 20.927 -1.675
v -4.821 21 -2.018
v -4.918 20.75 -1.783
v -4.89 20.927 -1.852
v -5.697 20.75 -2.303
v -5.517 21 -2.483
v -5.644 20.927 -2.356
v -6.217 20.75 -3.082
v -5.982 21 -3.179
v -6.148 20.927 -3.11
v -6.4 20.75 -4
v -6.145 21 -4
v -6.325 20.927 -4
v -6.217 20.75 -4.918
v -5.982 21 -4.821
v -6.148 20.927 -4.89
v -5.517 21 -5.517
v -5.697 20.75 -5.697
v -5.644 20.927 -5.644
v -4.918 20.75 -6.217
v -4.821 21 -5.982
v -4.89 20.927 -6.148
v -4 20.75 -6.4
v -4 21 -6.145
v -4 20.927 -6.325
v -2.937 21 -2.986
v -2.836 21 -4
v -2.937 21 -5.014
v -4 21 -2.903
v -4 21 -4
v -4 21 -5.097
v -5.063 21 -2.986
v -5.164 21 -4
v -5.063 21 -5.014
v -4 19.33 -6.4
v -4 19.18 -6.553
v -4 19.224 -6.445
v -4.977 19.18 -6.359
v -4.918 19.33 -6.217
v -4.936 19.224 -6.259
v -5.805 19.18 -5.805
v -5.697 19.33 -5.697
v -5.729 19.224 -5.729
v -6.359 19.18 -4.977
v -6.217 19.33 -4.918
v -6.259 19.224 -4.936
v -6.553 19.18 -4
v -6.4 19.33 -4
v -6.445 19.224 -4
v -6.359 19.18 -3.023
v -6.217 19.33 -3.082
v -6.259 19.224 -3.064
v -5.805 19.18 -2.195
v -5.697 19.33 -2.303
v -5.729 19.224 -2.271
v -4.977 19.18 -1.641
v -4.918 19.33 -1.783
v -4.936 19.224 -1.741
v -4 19.18 -1.447
v -4 19.33 -1.6
v -4 19.224 -1.555
v -3.023 19.18 -1.641
v -3.082 19.33 -1.783
v -3.064 19.224 -1.741
v -2.195 19.18 -2.195
v -2.303 19.33 -2.303
v -2.271 19.224 -2.271
v -1.641 19.18 -3.023
v -1.783 19.33 -3.082
v -1.741 19.224 -3.064
v -1.447 19.18 -4
v -1.6 19.33 -4
v -1.555 19.224 -4
v -1.641 19.18 -4.977
v -1.783 19.33 -4.918
v -1.741 19.224 -4.936
v -2.195 19.18 -5.805
v -2.303 19.33 -5.697
v -2.271 19.224 -5.729
v -3.023 19.18 -6.359
v -3.082 19.33 -6.217
v -3.064 19.224 -6.259
usemtl MB_28
s off
f 1665 1675 1666
f 1675 1668 1666
f 1676 1623 1670
f 1623 1667 1670
f 1679 1692 1667
f 1692 1670 1667
f 1576 1680 1671
f 1680 1672 1671
f 1573 1673 1625
f 1673 1674 1625
f 1678 1669 1627
f 1669 1624 1627
f 1677 1678 1631
f 1678 1627 1631
f 1681 1691 1576
f 1691 1680 1576
f 1579 1584 1679
f 1584 1692 1679
f 1571 1572 1577
f 1572 1575 1577
f 1626 1574 1629
f 1574 1578 1629
f 1585 1586 1604
f 1586 1602 1604
f 1629 1578 1632
f 1578 1580 1632
f 1577 1575 1684
f 1575 1581 1684
f 1628 1583 1653
f 1583 1687 1653
f 1677 1631 1688
f 1631 1630 1688
f 1681 1582 1691
f 1582 1686 1691
f 1579 1683 1584
f 1683 1682 1584
f 1628 1632 1583
f 1632 1580 1583
f 1585 1684 1586
f 1684 1581 1586
f 1689 1685 1683
f 1685 1682 1683
f 1601 1603 1582
f 1603 1686 1582
f 1690 1688 1654
f 1688 1630 1654
f 1693 1694 1703
f 1694 1696 1703
f 1704 1698 1655
f 1698 1695 1655
f 1707 1695 1716
f 1695 1698 1716
f 1592 1699 1708
f 1699 1700 1708
f 1589 1657 1701
f 1657 1702 1701
f 1706 1659 1697
f 1659 1656 1697
f 1705 1663 1706
f 1663 1659 1706
f 1709 1592 1715
f 1592 1708 1715
f 1595 1707 1600
f 1707 1716 1600
f 1587 1593 1588
f 1593 1591 1588
f 1658 1661 1590
f 1661 1594 1590
f 1605 1604 1606
f 1604 1602 1606
f 1661 1664 1594
f 1664 1596 1594
f 1593 1712 1591
f 1712 1597 1591
f 1660 1653 1599
f 1653 1687 1599
f 1705 1714 1663
f 1714 1662 1663
f 1709 1715 1598
f 1715 1713 1598
f 1595 1600 1711
f 1600 1710 1711
f 1660 1599 1664
f 1599 1596 1664
f 1605 1606 1712
f 1606 1597 1712
f 1689 1711 1685
f 1711 1710 1685
f 1601 1598 1603
f 1598 1713 1603
f 1690 1654 1714
f 1654 1662 1714
f 1665 1717 1675
f 1717 1719 1675
f 1676 1721 1623
f 1721 1718 1623
f 1727 1718 1740
f 1718 1721 1740
f 1612 1722 1728
f 1722 1723 1728
f 1609 1625 1724
f 1625 1674 1724
f 1726 1627 1720
f 1627 1624 1720
f 1725 1631 1726
f 1631 1627 1726
f 1729 1612 1739
f 1612 1728 1739
f 1615 1727 1620
f 1727 1740 1620
f 1607 1613 1608
f 1613 1611 1608
f 1626 1629 1610
f 1629 1614 1610
f 1621 1650 1622
f 1650 1648 1622
f 1629 1632 1614
f 1632 1616 1614
f 1613 1732 1611
f 1732 1617 1611
f 1628 1653 1619
f 1653 1735 1619
f 1725 1736 1631
f 1736 1630 1631
f 1729 1739 1618
f 1739 1734 1618
f 1615 1620 1731
f 1620 1730 1731
f 1628 1619 1632
f 1619 1616 1632
f 1621 1622 1732
f 1622 1617 1732
f 1737 1731 1733
f 1731 1730 1733
f 1647 1618 1649
f 1618 1734 1649
f 1738 1654 1736
f 1654 1630 1736
f 1693 1703 1741
f 1703 1743 1741
f 1704 1655 1745
f 1655 1742 1745
f 1751 1760 1742
f 1760 1745 1742
f 1638 1752 1746
f 1752 1747 1746
f 1635 1748 1657
f 1748 1702 1657
f 1750 1744 1659
f 1744 1656 1659
f 1749 1750 1663
f 1750 1659 1663
f 1753 1759 1638
f 1759 1752 1638
f 1641 1646 1751
f 1646 1760 1751
f 1633 1634 1639
f 1634 1637 1639
f 1658 1636 1661
f 1636 1640 1661
f 1651 1652 1650
f 1652 1648 1650
f 1661 1640 1664
f 1640 1642 1664
f 1639 1637 1756
f 1637 1643 1756
f 1660 1645 1653
f 1645 1735 1653
f 1749 1663 1758
f 1663 1662 1758
f 1753 1644 1759
f 1644 1757 1759
f 1641 1755 1646
f 1755 1754 1646
f 1660 1664 1645
f 1664 1642 1645
f 1651 1756 1652
f 1756 1643 1652
f 1737 1733 1755
f 1733 1754 1755
f 1647 1649 1644
f 1649 1757 1644
f 1738 1758 1654
f 1758 1662 1654
f 1768 1811 1770
f 1811 1810 1770
f 1797 1801 1828
f 1801 1825 1828
f 1816 1795 1815
f 1795 1792 1815
f 1812 1815 1783
f 1815 1785 1783
f 1800 1798 1804
f 1798 1817 1804
f 1807 1814 1762
f 1814 1811 1762
f 1815 1792 1785
f 1792 1789 1785
f 1774 1809 1777
f 1809 1780 1777
f 1804 1817 1807
f 1817 1814 1807
f 1817 1798 1816
f 1798 1795 1816
f 1762 1811 1764
f 1811 1768 1764
f 1770 1810 1774
f 1810 1809 1774
f 1809 1812 1780
f 1812 1783 1780
f 1765 1766 1767
f 1766 1769 1767
f 1766 1764 1769
f 1764 1768 1769
f 1771 1772 1773
f 1772 1775 1773
f 1772 1770 1775
f 1770 1774 1775
f 1786 1787 1788
f 1787 1790 1788
f 1787 1785 1790
f 1785 1789 1790
f 1773 1775 1776
f 1775 1778 1776
f 1775 1774 1778
f 1774 1777 1778
f 1776 1778 1779
f 1778 1781 1779
f 1778 1777 1781
f 1777 1780 1781
f 1788 1790 1791
f 1790 1793 1791
f 1790 1789 1793
f 1789 1792 1793
f 1791 1793 1794
f 1793 1796 1794
f 1793 1792 1796
f 1792 1795 1796
f 1801 1802 1803
f 1802 1805 1803
f 1802 1800 1805
f 1800 1804 1805
f 1779 1781 1782
f 1781 1784 1782
f 1781 1780 1784
f 1780 1783 1784
f 1782 1784 1786
f 1784 1787 1786
f 1784 1783 1787
f 1783 1785 1787
f 1794 1796 1797
f 1796 1799 1797
f 1796 1795 1799
f 1795 1798 1799
f 1797 1799 1801
f 1799 1802 1801
f 1799 1798 1802
f 1798 1800 1802
f 1803 1805 1806
f 1805 1808 1806
f 1805 1804 1808
f 1804 1807 1808
f 1767 1769 1771
f 1769 1772 1771
f 1769 1768 1772
f 1768 1770 1772
f 1806 1808 1761
f 1808 1763 1761
f 1808 1807 1763
f 1807 1762 1763
f 1761 1763 1765
f 1763 1766 1765
f 1763 1762 1766
f 1762 1764 1766
f 1810 1813 1809
f 1813 1812 1809
f 1813 1816 1812
f 1816 1815 1812
f 1811 1814 1810
f 1814 1813 1810
f 1814 1817 1813
f 1817 1816 1813
f 1822 1818 1823
f 1818 1820 1823
f 1823 1820 1821
f 1820 1819 1821
f 1825 1822 1826
f 1822 1823 1826
f 1826 1823 1824
f 1823 1821 1824
f 1828 1825 1829
f 1825 1826 1829
f 1829 1826 1827
f 1826 1824 1827
f 1831 1828 1832
f 1828 1829 1832
f 1832 1829 1830
f 1829 1827 1830
f 1834 1831 1835
f 1831 1832 1835
f 1835 1832 1833
f 1832 1830 1833
f 1837 1834 1838
f 1834 1835 1838
f 1838 1835 1836
f 1835 1833 1836
f 1840 1837 1841
f 1837 1838 1841
f 1841 1838 1839
f 1838 1836 1839
f 1843 1840 1844
f 1840 1841 1844
f 1844 1841 1842
f 1841 1839 1842
f 1846 1843 1847
f 1843 1844 1847
f 1847 1844 1845
f 1844 1842 1845
f 1849 1846 1850
f 1846 1847 1850
f 1850 1847 1848
f 1847 1845 1848
f 1852 1849 1853
f 1849 1850 1853
f 1853 1850 1851
f 1850 1848 1851
f 1855 1852 1856
f 1852 1853 1856
f 1856 1853 1854
f 1853 1851 1854
f 1858 1855 1859
f 1855 1856 1859
f 1859 1856 1857
f 1856 1854 1857
f 1861 1858 1862
f 1858 1859 1862
f 1862 1859 1860
f 1859 1857 1860
f 1864 1861 1865
f 1861 1862 1865
f 1865 1862 1863
f 1862 1860 1863
f 1818 1864 1820
f 1864 1865 1820
f 1820 1865 1819
f 1865 1863 1819
f 1776 1779 1849
f 1779 1846 1849
f 1801 1803 1825
f 1803 1822 1825
f 1779 1782 1846
f 1782 1843 1846
f 1818 1806 1864
f 1806 1761 1864
f 1803 1806 1822
f 1806 1818 1822
f 1782 1786 1843
f 1786 1840 1843
f 1864 1761 1861
f 1761 1765 1861
f 1786 1788 1840
f 1788 1837 1840
f 1765 1767 1861
f 1767 1858 1861
f 1788 1791 1837
f 1791 1834 1837
f 1767 1771 1858
f 1771 1855 1858
f 1791 1794 1834
f 1794 1831 1834
f 1771 1773 1855
f 1773 1852 1855
f 1794 1797 1831
f 1797 1828 1831
f 1773 1776 1852
f 1776 1849 1852
f 1873 1916 1875
f 1916 1915 1875
f 1902 1906 1933
f 1906 1930 1933
f 1921 1900 1920
f 1900 1897 1920
f 1917 1920 1888
f 1920 1890 1888
f 1905 1903 1909
f 1903 1922 1909
f 1912 1919 1867
f 1919 1916 1867
f 1920 1897 1890
f 1897 1894 1890
f 1879 1914 1882
f 1914 1885 1882
f 1909 1922 1912
f 1922 1919 1912
f 1922 1903 1921
f 1903 1900 1921
f 1867 1916 1869
f 1916 1873 1869
f 1875 1915 1879
f 1915 1914 1879
f 1914 1917 1885
f 1917 1888 1885
f 1870 1871 1872
f 1871 1874 1872
f 1871 1869 1874
f 1869 1873 1874
f 1876 1877 1878
f 1877 1880 1878
f 1877 1875 1880
f 1875 1879 1880
f 1891 1892 1893
f 1892 1895 1893
f 1892 1890 1895
f 1890 1894 1895
f 1878 1880 1881
f 1880 1883 1881
f 1880 1879 1883
f 1879 1882 1883
f 1881 1883 1884
f 1883 1886 1884
f 1883 1882 1886
f 1882 1885 1886
f 1893 1895 1896
f 1895 1898 1896
f 1895 1894 1898
f 1894 1897 1898
f 1896 1898 1899
f 1898 1901 1899
f 1898 1897 1901
f 1897 1900 1901
f 1906 1907 1908
f 1907 1910 1908
f 1907 1905 1910
f 1905 1909 1910
f 1884 1886 1887
f 1886 1889 1887
f 1886 1885 1889
f 1885 1888 1889
f 1887 1889 1891
f 1889 1892 1891
f 1889 1888 1892
f 1888 1890 1892
f 1899 1901 1902
f 1901 1904 1902
f 1901 1900 1904
f 1900 1903 1904
f 1902 1904 1906
f 1904 1907 1906
f 1904 1903 1907
f 1903 1905 1907
f 1908 1910 1911
f 1910 1913 1911
f 1910 1909 1913
f 1909 1912 1913
f 1872 1874 1876
f 1874 1877 1876
f 1874 1873 1877
f 1873 1875 1877
f 1911 1913 1866
f 1913 1868 1866
f 1913 1912 1868
f 1912 1867 1868
f 1866 1868 1870
f 1868 1871 1870
f 1868 1867 1871
f 1867 1869 1871
f 1915 1918 1914
f 1918 1917 1914
f 1918 1921 1917
f 1921 1920 1917
f 1916 1919 1915
f 1919 1918 1915
f 1919 1922 1918
f 1922 1921 1918
f 1927 1923 1928
f 1923 1925 1928
f 1928 1925 1926
f 1925 1924 1926
f 1930 1927 1931
f 1927 1928 1931
f 1931 1928 1929
f 1928 1926 1929
f 1933 1930 1934
f 1930 1931 1934
f 1934 1931 1932
f 1931 1929 1932
f 1936 1933 1937
f 1933 1934 1937
f 1937 1934 1935
f 1934 1932 1935
f 1939 1936 1940
f 1936 1937 1940
f 1940 1937 1938
f 1937 1935 1938
f 1942 1939 1943
f 1939 1940 1943
f 1943 1940 1941
f 1940 1938 1941
f 1945 1942 1946
f 1942 1943 1946
f 1946 1943 1944
f 1943 1941 1944
f 1948 1945 1949
f 1945 1946 1949
f 1949 1946 1947
f 1946 1944 1947
f 1951 1948 1952
f 1948 1949 1952
f 1952 1949 1950
f 1949 1947 1950
f 1954 1951 1955
f 1951 1952 1955
f 1955 1952 1953
f 1952 1950 1953
f 1957 1954 1958
f 1954 1955 1958
f 1958 1955 1956
f 1955 1953 1956
f 1960 1957 1961
f 1957 1958 1961
f 1961 1958 1959
f 1958 1956 1959
f 1963 1960 1964
f 1960 1961 1964
f 1964 1961 1962
f 1961 1959 1962
f 1966 1963 1967
f 1963 1964 1967
f 1967 1964 1965
f 1964 1962 1965
f 1969 1966 1970
f 1966 1967 1970
f 1970 1967 1968
f 1967 1965 1968
f 1923 1969 1925
f 1969 1970 1925
f 1925 1970 1924
f 1970 1968 1924
f 1881 1884 1954
f 1884 1951 1954
f 1906 1908 1930
f 1908 1927 1930
f 1884 1887 1951
f 1887 1948 1951
f 1923 1911 1969
f 1911 1866 1969
f 1908 1911 1927
f 1911 1923 1927
f 1887 1891 1948
f 1891 1945 1948
f 1969 1866 1966
f 1866 1870 1966
f 1891 1893 1945
f 1893 1942 1945
f 1870 1872 1966
f 1872 1963 1966
f 1893 1896 1942
f 1896 1939 1942
f 1872 1876 1963
f 1876 1960 1963
f 1896 1899 1939
f 1899 1936 1939
f 1876 1878 1960
f 1878 1957 1960
f 1899 1902 1936
f 1902 1933 1936
f 1878 1881 1957
f 1881 1954 1957
f 1978 2021 1980
f 2021 2020 1980
f 2007 2011 2038
f 2011 2035 2038
f 2026 2005 2025
f 2005 2002 2025
f 2022 2025 1993
f 2025 1995 1993
f 2010 2008 2014
f 2008 2027 2014
f 2017 2024 1972
f 2024 2021 1972
f 2025 2002 1995
f 2002 1999 1995
f 1984 2019 1987
f 2019 1990 1987
f 2014 2027 2017
f 2027 2024 2017
f 2027 2008 2026
f 2008 2005 2026
f 1972 2021 1974
f 2021 1978 1974
f 1980 2020 1984
f 2020 2019 1984
f 2019 2022 1990
f 2022 1993 1990
f 1975 1976 1977
f 1976 1979 1977
f 1976 1974 1979
f 1974 1978 1979
f 1981 1982 1983
f 1982 1985 1983
f 1982 1980 1985
f 1980 1984 1985
f 1996 1997 1998
f 1997 2000 1998
f 1997 1995 2000
f 1995 1999 2000
f 1983 1985 1986
f 1985 1988 1986
f 1985 1984 1988
f 1984 1987 1988
f 1986 1988 1989
f 1988 1991 1989
f 1988 1987 1991
f 1987 1990 1991
f 1998 2000 2001
f 2000 2003 2001
f 2000 1999 2003
f 1999 2002 2003
f 2001 2003 2004
f 2003 2006 2004
f 2003 2002 2006
f 2002 2005 2006
f 2011 2012 2013
f 2012 2015 2013
f 2012 2010 2015
f 2010 2014 2015
f 1989 1991 1992
f 1991 1994 1992
f 1991 1990 1994
f 1990 1993 1994
f 1992 1994 1996
f 1994 1997 1996
f 1994 1993 1997
f 1993 1995 1997
f 2004 2006 2007
f 2006 2009 2007
f 2006 2005 2009
f 2005 2008 2009
f 2007 2009 2011
f 2009 2012 2011
f 2009 2008 2012
f 2008 2010 2012
f 2013 2015 2016
f 2015 2018 2016
f 2015 2014 2018
f 2014 2017 2018
f 1977 1979 1981
f 1979 1982 1981
f 1979 1978 1982
f 1978 1980 1982
f 2016 2018 1971
f 2018 1973 1971
f 2018 2017 1973
f 2017 1972 1973
f 1971 1973 1975
f 1973 1976 1975
f 1973 1972 1976
f 1972 1974 1976
f 2020 2023 2019
f 2023 2022 2019
f 2023 2026 2022
f 2026 2025 2022
f 2021 2024 2020
f 2024 2023 2020
f 2024 2027 2023
f 2027 2026 2023
f 2032 2028 2033
f 2028 2030 2033
f 2033 2030 2031
f 2030 2029 2031
f 2035 2032 2036
f 2032 2033 2036
f 2036 2033 2034
f 2033 2031 2034
f 2038 2035 2039
f 2035 2036 2039
f 2039 2036 2037
f 2036 2034 2037
f 2041 2038 2042
f 2038 2039 2042
f 2042 2039 2040
f 2039 2037 2040
f 2044 2041 2045
f 2041 2042 2045
f 2045 2042 2043
f 2042 2040 2043
f 2047 2044 2048
f 2044 2045 2048
f 2048 2045 2046
f 2045 2043 2046
f 2050 2047 2051
f 2047 2048 2051
f 2051 2048 2049
f 2048 2046 2049
f 2053 2050 2054
f 2050 2051 2054
f 2054 2051 2052
f 2051 2049 2052
f 2056 2053 2057
f 2053 2054 2057
f 2057 2054 2055
f 2054 2052 2055
f 2059 2056 2060
f 2056 2057 2060
f 2060 2057 2058
f 2057 2055 2058
f 2062 2059 2063
f 2059 2060 2063
f 2063 2060 2061
f 2060 2058 2061
f 2065 2062 2066
f 2062 2063 2066
f 2066 2063 2064
f 2063 2061 2064
f 2068 2065 2069
f 2065 2066 2069
f 2069 2066 2067
f 2066 2064 2067
f 2071 2068 2072
f 2068 2069 2072
f 2072 2069 2070
f 2069 2067 2070
f 2074 2071 2075
f 2071 2072 2075
f 2075 2072 2073
f 2072 2070 2073
f 2028 2074 2030
f 2074 2075 2030
f 2030 2075 2029
f 2075 2073 2029
f 1986 1989 2059
f 1989 2056 2059
f 2011 2013 2035
f 2013 2032 2035
f 1989 1992 2056
f 1992 2053 2056
f 2028 2016 2074
f 2016 1971 2074
f 2013 2016 2032
f 2016 2028 2032
f 1992 1996 2053
f 1996 2050 2053
f 2074 1971 2071
f 1971 1975 2071
f 1996 1998 2050
f 1998 2047 2050
f 1975 1977 2071
f 1977 2068 2071
f 1998 2001 2047
f 2001 2044 2047
f 1977 1981 2068
f 1981 2065 2068
f 2001 2004 2044
f 2004 2041 2044
f 1981 1983 2065
f 1983 2062 2065
f 2004 2007 2041
f 2007 2038 2041
f 1983 1986 2062
f 1986 2059 2062
f 2083 2126 2085
f 2126 2125 2085
f 2112 2116 2143
f 2116 2140 2143
f 2131 2110 2130
f 2110 2107 2130
f 2127 2130 2098
f 2130 2100 2098
f 2115 2113 2119
f 2113 2132 2119
f 2122 2129 2077
f 2129 2126 2077
f 2130 2107 2100
f 2107 2104 2100
f 2089 2124 2092
f 2124 2095 2092
f 2119 2132 2122
f 2132 2129 2122
f 2132 2113 2131
f 2113 2110 2131
f 2077 2126 2079
f 2126 2083 2079
f 2085 2125 2089
f 2125 2124 2089
f 2124 2127 2095
f 2127 2098 2095
f 2080 2081 2082
f 2081 2084 2082
f 2081 2079 2084
f 2079 2083 2084
f 2086 2087 2088
f 2087 2090 2088
f 2087 2085 2090
f 2085 2089 2090
f 2101 2102 2103
f 2102 2105 2103
f 2102 2100 2105
f 2100 2104 2105
f 2088 2090 2091
f 2090 2093 2091
f 2090 2089 2093
f 2089 2092 2093
f 2091 2093 2094
f 2093 2096 2094
f 2093 2092 2096
f 2092 2095 2096
f 2103 2105 2106
f 2105 2108 2106
f 2105 2104 2108
f 2104 2107 2108
f 2106 2108 2109
f 2108 2111 2109
f 2108 2107 2111
f 2107 2110 2111
f 2116 2117 2118
f 2117 2120 2118
f 2117 2115 2120
f 2115 2119 2120
f 2094 2096 2097
f 2096 2099 2097
f 2096 2095 2099
f 2095 2098 2099
f 2097 2099 2101
f 2099 2102 2101
f 2099 2098 2102
f 2098 2100 2102
f 2109 2111 2112
f 2111 2114 2112
f 2111 2110 2114
f 2110 2113 2114
f 2112 2114 2116
f 2114 2117 2116
f 2114 2113 2117
f 2113 2115 2117
f 2118 2120 2121
f 2120 2123 2121
f 2120 2119 2123
f 2119 2122 2123
f 2082 2084 2086
f 2084 2087 2086
f 2084 2083 2087
f 2083 2085 2087
f 2121 2123 2076
f 2123 2078 2076
f 2123 2122 2078
f 2122 2077 2078
f 2076 2078 2080
f 2078 2081 2080
f 2078 2077 2081
f 2077 2079 2081
f 2125 2128 2124
f 2128 2127 2124
f 2128 2131 2127
f 2131 2130 2127
f 2126 2129 2125
f 2129 2128 2125
f 2129 2132 2128
f 2132 2131 2128
f 2137 2133 2138
f 2133 2135 2138
f 2138 2135 2136
f 2135 2134 2136
f 2140 2137 2141
f 2137 2138 2141
f 2141 2138 2139
f 2138 2136 2139
f 2143 2140 2144
f 2140 2141 2144
f 2144 2141 2142
f 2141 2139 2142
f 2146 2143 2147
f 2143 2144 2147
f 2147 2144 2145
f 2144 2142 2145
f 2149 2146 2150
f 2146 2147 2150
f 2150 2147 2148
f 2147 2145 2148
f 2152 2149 2153
f 2149 2150 2153
f 2153 2150 2151
f 2150 2148 2151
f 2155 2152 2156
f 2152 2153 2156
f 2156 2153 2154
f 2153 2151 2154
f 2158 2155 2159
f 2155 2156 2159
f 2159 2156 2157
f 2156 2154 2157
f 2161 2158 2162
f 2158 2159 2162
f 2162 2159 2160
f 2159 2157 2160
f 2164 2161 2165
f 2161 2162 2165
f 2165 2162 2163
f 2162 2160 2163
f 2167 2164 2168
f 2164 2165 2168
f 2168 2165 2166
f 2165 2163 2166
f 2170 2167 2171
f 2167 2168 2171
f 2171 2168 2169
f 2168 2166 2169
f 2173 2170 2174
f 2170 2171 2174
f 2174 2171 2172
f 2171 2169 2172
f 2176 2173 2177
f 2173 2174 2177
f 2177 2174 2175
f 2174 2172 2175
f 2179 2176 2180
f 2176 2177 2180
f 2180 2177 2178
f 2177 2175 2178
f 2133 2179 2135
f 2179 2180 2135
f 2135 2180 2134
f 2180 2178 2134
f 2091 2094 2164
f 2094 2161 2164
f 2116 2118 2140
f 2118 2137 2140
f 2094 2097 2161
f 2097 2158 2161
f 2133 2121 2179
f 2121 2076 2179
f 2118 2121 2137
f 2121 2133 2137
f 2097 2101 2158
f 2101 2155 2158
f 2179 2076 2176
f 2076 2080 2176
f 2101 2103 2155
f 2103 2152 2155
f 2080 2082 2176
f 2082 2173 2176
f 2103 2106 2152
f 2106 2149 2152
f 2082 2086 2173
f 2086 2170 2173
f 2106 2109 2149
f 2109 2146 2149
f 2086 2088 2170
f 2088 2167 2170
f 2109 2112 2146
f 2112 2143 2146
f 2088 2091 2167
f 2091 2164 2167
o Part.3
v 31.96 9.62 7.96
v 31.96 19.18 7.96
v 30.4 9.62 6.4
v 30.4 18.1 6.4
v 24.4 11.7 6.4
v 24.4 18.1 6.4
v 25.478 9.62 4.612
v 25.131 9.62 5.131
v 24.612 9.62 5.478
v 24 9.62 5.6
v 24.612 18.1 5.478
v 25.131 18.1 5.131
v 25.478 18.1 4.612
v 24.4 11.7 5.52
v 24.4 18.1 5.52
v 28 19.18 7.96
v 28 9.62 6.4
v 28 9.62 7.96
v 28 18.1 6.4
v 22.522 18.1 4.612
v 22.869 18.1 5.131
v 24 9.62 7.96
v 24 18.1 6.4
v 24 19.18 7.96
v 24 11.7 6.4
v 24 11.7 5.6
v 23.388 18.1 5.478
v 24 18.1 5.6
v 23.388 9.62 5.478
v 22.869 9.62 5.131
v 22.522 9.62 4.612
v 23.6 18.1 6.4
v 23.6 11.7 6.4
v 23.6 11.7 5.52
v 23.6 18.1 5.52
v 24 9.62 6.4
v 8.04 9.62 7.96
v 8.04 19.18 7.96
v 9.6 9.62 6.4
v 9.6 18.1 6.4
v 15.6 11.7 6.4
v 15.6 18.1 6.4
v 14.522 9.62 4.612
v 14.869 9.62 5.131
v 15.388 9.62 5.478
v 16 9.62 5.6
v 15.388 18.1 5.478
v 14.869 18.1 5.131
v 14.522 18.1 4.612
v 15.6 11.7 5.52
v 15.6 18.1 5.52
v 12 19.18 7.96
v 12 9.62 6.4
v 12 9.62 7.96
v 12 18.1 6.4
v 17.478 18.1 4.612
v 17.131 18.1 5.131
v 16 9.62 7.96
v 16 18.1 6.4
v 16 19.18 7.96
v 16 11.7 6.4
v 16 11.7 5.6
v 16.612 18.1 5.478
v 16 18.1 5.6
v 16.612 9.62 5.478
v 17.131 9.62 5.131
v 17.478 9.62 4.612
v 16.4 18.1 6.4
v 16.4 11.7 6.4
v 16.4 11.7 5.52
v 16.4 18.1 5.52
v 20 9.62 6.4
v 20 18.1 6.4
v 16 9.62 6.4
v 20 9.62 7.96
v 20 19.18 7.96
v 31.96 9.62 0.04
v 31.96 19.18 0.04
v 30.4 9.62 1.6
v 30.4 18.1 1.6
v 24.4 11.7 1.6
v 24.4 18.1 1.6
v 25.478 9.62 3.388
v 25.131 9.62 2.869
v 24.612 9.62 2.522
v 24 9.62 2.4
v 24.612 18.1 2.522
v 25.131 18.1 2.869
v 25.478 18.1 3.388
v 24.4 11.7 2.48
v 24.4 18.1 2.48
v 28 19.18 0.04
v 28 9.62 1.6
v 28 9.62 0.04
v 28 18.1 1.6
v 22.522 18.1 3.388
v 22.869 18.1 2.869
v 24 9.62 0.04
v 24 18.1 1.6
v 24 19.18 0.04
v 24 11.7 1.6
v 24 11.7 2.4
v 23.388 18.1 2.522
v 24 18.1 2.4
v 23.388 9.62 2.522
v 22.869 9.62 2.869
v 22.522 9.62 3.388
v 23.6 18.1 1.6
v 23.6 11.7 1.6
v 23.6 11.7 2.48
v 23.6 18.1 2.48
v 24 9.62 1.6
v 25.6 9.62 4
v 25.6 18.1 4
v 24 9.62 4
v 31.96 9.62 4
v 31.96 19.18 4
v 30.4 9.62 4
v 30.4 18.1 4
v 22.4 18.1 4
v 28 19.18 4
v 28 18.1 4
v 22.4 9.62 4
v 24 19.18 4
v 24 18.1 4
v 8.04 9.62 0.04
v 8.04 19.18 0.04
v 9.6 9.62 1.6
v 9.6 18.1 1.6
v 15.6 11.7 1.6
v 15.6 18.1 1.6
v 14.522 9.62 3.388
v 14.869 9.62 2.869
v 15.388 9.62 2.522
v 16 9.62 2.4
v 15.388 18.1 2.522
v 14.869 18.1 2.869
v 14.522 18.1 3.388
v 15.6 11.7 2.48
v 15.6 18.1 2.48
v 12 19.18 0.04
v 12 9.62 1.6
v 12 9.62 0.04
v 12 18.1 1.6
v 17.478 18.1 3.388
v 17.131 18.1 2.869
v 16 9.62 0.04
v 16 18.1 1.6
v 16 19.18 0.04
v 16 11.7 1.6
v 16 11.7 2.4
v 16.612 18.1 2.522
v 16 18.1 2.4
v 16.612 9.62 2.522
v 17.131 9.62 2.869
v 17.478 9.62 3.388
v 16.4 18.1 1.6
v 16.4 11.7 1.6
v 16.4 11.7 2.48
v 16.4 18.1 2.48
v 20 9.62 1.6
v 20 18.1 1.6
v 16 9.62 1.6
v 20 9.62 0.04
v 20 19.18 0.04
v 14.4 9.62 4
v 14.4 18.1 4
v 16 9.62 4
v 8.04 9.62 4
v 8.04 19.18 4
v 9.6 9.62 4
v 9.6 18.1 4
v 17.6 18.1 4
v 12 19.18 4
v 20 18.1 4
v 12 18.1 4
v 17.6 9.62 4
v 20 19.18 4
v 16 19.18 4
v 16 18.1 4
v 31.96 9.62 4
v 31.96 9.62 7.96
v 31.96 9.62 7.96
v 31.96 19.18 7.96
v 31.96 19.18 7.96
v 30.4 9.62 6.4
v 30.4 9.62 6.4
v 30.4 18.1 6.4
v 30.4 18.1 6.4
v 30.4 18.1 4
v 24.4 11.7 5.52
v 24.4 11.7 6.4
v 25.6 9.62 4
v 25.478 9.62 4.612
v 25.131 9.62 5.131
v 24.612 9.62 5.478
v 24 9.62 5.6
v 31.96 19.18 4
v 30.4 9.62 4
v 24 19.18 7.96
v 28 19.18 7.96
v 28 9.62 7.96
v 28 18.1 6.4
v 24 9.62 6.4
v 20 9.62 6.4
v 20 9.62 7.96
v 24 9.62 7.96
v 22.869 9.62 5.131
v 23.388 9.62 5.478
v 22.522 9.62 4.612
v 22.4 9.62 4
v 23.6 11.7 5.52
v 23.6 11.7 6.4
v 20 19.18 7.96
v 24 18.1 6.4
v 28 9.62 6.4
v 20 18.1 6.4
v 8.04 9.62 4
v 8.04 9.62 7.96
v 8.04 9.62 7.96
v 8.04 19.18 7.96
v 8.04 19.18 7.96
v 9.6 9.62 6.4
v 9.6 9.62 6.4
v 9.6 18.1 6.4
v 9.6 18.1 6.4
v 9.6 18.1 4
v 15.6 11.7 5.52
v 15.6 11.7 6.4
v 14.4 9.62 4
v 14.522 9.62 4.612
v 14.869 9.62 5.131
v 15.388 9.62 5.478
v 16 9.62 5.6
v 8.04 19.18 4
v 9.6 9.62 4
v 16 19.18 7.96
v 12 19.18 7.96
v 12 9.62 7.96
v 12 18.1 6.4
v 16 9.62 6.4
v 16 9.62 7.96
v 17.131 9.62 5.131
v 16.612 9.62 5.478
v 17.478 9.62 4.612
v 17.6 9.62 4
v 16.4 11.7 5.52
v 16.4 11.7 6.4
v 16 18.1 6.4
v 12 9.62 6.4
v 31.96 9.62 0.04
v 31.96 9.62 0.04
v 31.96 19.18 0.04
v 31.96 19.18 0.04
v 30.4 9.62 1.6
v 30.4 9.62 1.6
v 30.4 18.1 1.6
v 30.4 18.1 1.6
v 24.4 11.7 2.48
v 24.4 11.7 1.6
v 25.478 9.62 3.388
v 25.131 9.62 2.869
v 24.612 9.62 2.522
v 24 9.62 2.4
v 24 19.18 0.04
v 28 19.18 0.04
v 28 9.62 0.04
v 28 18.1 1.6
v 24 9.62 1.6
v 20 9.62 1.6
v 20 9.62 0.04
v 24 9.62 0.04
v 22.869 9.62 2.869
v 23.388 9.62 2.522
v 22.522 9.62 3.388
v 23.6 11.7 2.48
v 23.6 11.7 1.6
v 20 19.18 0.04
v 24 18.1 1.6
v 28 9.62 1.6
v 20 18.1 1.6
v 8.04 9.62 0.04
v 8.04 9.62 0.04
v 8.04 19.18 0.04
v 8.04 19.18 0.04
v 9.6 9.62 1.6
v 9.6 9.62 1.6
v 9.6 18.1 1.6
v 9.6 18.1 1.6
v 15.6 11.7 2.48
v 15.6 11.7 1.6
v 14.522 9.62 3.388
v 14.869 9.62 2.869
v 15.388 9.62 2.522
v 16 9.62 2.4
v 16 19.18 0.04
v 12 19.18 0.04
v 12 9.62 0.04
v 12 18.1 1.6
v 16 9.62 1.6
v 16 9.62 0.04
v 17.131 9.62 2.869
v 16.612 9.62 2.522
v 17.478 9.62 3.388
v 16.4 11.7 2.48
v 16.4 11.7 1.6
v 16 18.1 1.6
v 12 9.62 1.6
v 12.918 20.75 1.783
v 12.821 21 2.018
v 12.89 20.927 1.852
v 13.517 21 2.483
v 13.697 20.75 2.303
v 13.644 20.927 2.356
v 14.217 20.75 3.082
v 13.982 21 3.179
v 14.148 20.927 3.11
v 14.145 21 4
v 14.4 20.75 4
v 14.325 20.927 4
v 14.217 20.75 4.918
v 13.982 21 4.821
v 14.148 20.927 4.89
v 13.697 20.75 5.697
v 13.517 21 5.517
v 13.644 20.927 5.644
v 12.918 20.75 6.217
v 12.821 21 5.982
v 12.89 20.927 6.148
v 12 20.75 6.4
v 12 21 6.145
v 12 20.927 6.325
v 11.179 21 5.982
v 11.082 20.75 6.217
v 11.11 20.927 6.148
v 10.303 20.75 5.697
v 10.483 21 5.517
v 10.356 20.927 5.644
v 9.783 20.75 4.918
v 10.018 21 4.821
v 9.852 20.927 4.89
v 9.6 20.75 4
v 9.855 21 4
v 9.675 20.927 4
v 9.783 20.75 3.082
v 10.018 21 3.179
v 9.852 20.927 3.11
v 10.483 21 2.483
v 10.303 20.75 2.303
v 10.356 20.927 2.356
v 11.082 20.75 1.783
v 11.179 21 2.018
v 11.11 20.927 1.852
v 12 20.75 1.6
v 12 21 1.855
v 12 20.927 1.675
v 13.063 21 5.014
v 13.164 21 4
v 13.063 21 2.986
v 12 21 5.097
v 12 21 4
v 12 21 2.903
v 10.937 21 5.014
v 10.836 21 4
v 10.937 21 2.986
v 12 19.33 1.6
v 12 19.18 1.447
v 12 19.224 1.555
v 11.023 19.18 1.641
v 11.082 19.33 1.783
v 11.064 19.224 1.741
v 10.195 19.18 2.195
v 10.303 19.33 2.303
v 10.271 19.224 2.271
v 9.641 19.18 3.023
v 9.783 19.33 3.082
v 9.741 19.224 3.064
v 9.447 19.18 4
v 9.6 19.33 4
v 9.555 19.224 4
v 9.641 19.18 4.977
v 9.783 19.33 4.918
v 9.741 19.224 4.936
v 10.195 19.18 5.805
v 10.303 19.33 5.697
v 10.271 19.224 5.729
v 11.023 19.18 6.359
v 11.082 19.33 6.217
v 11.064 19.224 6.259
v 12 19.18 6.553
v 12 19.33 6.4
v 12 19.224 6.445
v 12.977 19.18 6.359
v 12.918 19.33 6.217
v 12.936 19.224 6.259
v 13.805 19.18 5.805
v 13.697 19.33 5.697
v 13.729 19.224 5.729
v 14.359 19.18 4.977
v 14.217 19.33 4.918
v 14.259 19.224 4.936
v 14.553 19.18 4
v 14.4 19.33 4
v 14.445 19.224 4
v 14.359 19.18 3.023
v 14.217 19.33 3.082
v 14.259 19.224 3.064
v 13.805 19.18 2.195
v 13.697 19.33 2.303
v 13.729 19.224 2.271
v 12.977 19.18 1.641
v 12.918 19.33 1.783
v 12.936 19.224 1.741
v 20.918 20.75 1.783
v 20.821 21 2.018
v 20.89 20.927 1.852
v 21.517 21 2.483
v 21.697 20.75 2.303
v 21.644 20.927 2.356
v 22.217 20.75 3.082
v 21.982 21 3.179
v 22.148 20.927 3.11
v 22.145 21 4
v 22.4 20.75 4
v 22.325 20.927 4
v 22.217 20.75 4.918
v 21.982 21 4.821
v 22.148 20.927 4.89
v 21.697 20.75 5.697
v 21.517 21 5.517
v 21.644 20.927 5.644
v 20.918 20.75 6.217
v 20.821 21 5.982
v 20.89 20.927 6.148
v 20 20.75 6.4
v 20 21 6.145
v 20 20.927 6.325
v 19.179 21 5.982
v 19.082 20.75 6.217
v 19.11 20.927 6.148
v 18.303 20.75 5.697
v 18.483 21 5.517
v 18.356 20.927 5.644
v 17.783 20.75 4.918
v 18.018 21 4.821
v 17.852 20.927 4.89
v 17.6 20.75 4
v 17.855 21 4
v 17.675 20.927 4
v 17.783 20.75 3.082
v 18.018 21 3.179
v 17.852 20.927 3.11
v 18.483 21 2.483
v 18.303 20.75 2.303
v 18.356 20.927 2.356
v 19.082 20.75 1.783
v 19.179 21 2.018
v 19.11 20.927 1.852
v 20 20.75 1.6
v 20 21 1.855
v 20 20.927 1.675
v 21.063 21 5.014
v 21.164 21 4
v 21.063 21 2.986
v 20 21 5.097
v 20 21 4
v 20 21 2.903
v 18.937 21 5.014
v 18.836 21 4
v 18.937 21 2.986
v 20 19.33 1.6
v 20 19.18 1.447
v 20 19.224 1.555
v 19.023 19.18 1.641
v 19.082 19.33 1.783
v 19.064 19.224 1.741
v 18.195 19.18 2.195
v 18.303 19.33 2.303
v 18.271 19.224 2.271
v 17.641 19.18 3.023
v 17.783 19.33 3.082
v 17.741 19.224 3.064
v 17.447 19.18 4
v 17.6 19.33 4
v 17.555 19.224 4
v 17.641 19.18 4.977
v 17.783 19.33 4.918
v 17.741 19.224 4.936
v 18.195 19.18 5.805
v 18.303 19.33 5.697
v 18.271 19.224 5.729
v 19.023 19.18 6.359
v 19.082 19.33 6.217
v 19.064 19.224 6.259
v 20 19.18 6.553
v 20 19.33 6.4
v 20 19.224 6.445
v 20.977 19.18 6.359
v 20.918 19.33 6.217
v 20.936 19.224 6.259
v 21.805 19.18 5.805
v 21.697 19.33 5.697
v 21.729 19.224 5.729
v 22.359 19.18 4.977
v 22.217 19.33 4.918
v 22.259 19.224 4.936
v 22.553 19.18 4
v 22.4 19.33 4
v 22.445 19.224 4
v 22.359 19.18 3.023
v 22.217 19.33 3.082
v 22.259 19.224 3.064
v 21.805 19.18 2.195
v 21.697 19.33 2.303
v 21.729 19.224 2.271
v 20.977 19.18 1.641
v 20.918 19.33 1.783
v 20.936 19.224 1.741
v 28.918 20.75 1.783
v 28.821 21 2.018
v 28.89 20.927 1.852
v 29.517 21 2.483
v 29.697 20.75 2.303
v 29.644 20.927 2.356
v 30.217 20.75 3.082
v 29.982 21 3.179
v 30.148 20.927 3.11
v 30.145 21 4
v 30.4 20.75 4
v 30.325 20.927 4
v 30.217 20.75 4.918
v 29.982 21 4.821
v 30.148 20.927 4.89
v 29.697 20.75 5.697
v 29.517 21 5.517
v 29.644 20.927 5.644
v 28.918 20.75 6.217
v 28.821 21 5.982
v 28.89 20.927 6.148
v 28 20.75 6.4
v 28 21 6.145
v 28 20.927 6.325
v 27.179 21 5.982
v 27.082 20.75 6.217
v 27.11 20.927 6.148
v 26.303 20.75 5.697
v 26.483 21 5.517
v 26.356 20.927 5.644
v 25.783 20.75 4.918
v 26.018 21 4.821
v 25.852 20.927 4.89
v 25.6 20.75 4
v 25.855 21 4
v 25.675 20.927 4
v 25.783 20.75 3.082
v 26.018 21 3.179
v 25.852 20.927 3.11
v 26.483 21 2.483
v 26.303 20.75 2.303
v 26.356 20.927 2.356
v 27.082 20.75 1.783
v 27.179 21 2.018
v 27.11 20.927 1.852
v 28 20.75 1.6
v 28 21 1.855
v 28 20.927 1.675
v 29.063 21 5.014
v 29.164 21 4
v 29.063 21 2.986
v 28 21 5.097
v 28 21 4
v 28 21 2.903
v 26.937 21 5.014
v 26.836 21 4
v 26.937 21 2.986
v 28 19.33 1.6
v 28 19.18 1.447
v 28 19.224 1.555
v 27.023 19.18 1.641
v 27.082 19.33 1.783
v 27.064 19.224 1.741
v 26.195 19.18 2.195
v 26.303 19.33 2.303
v 26.271 19.224 2.271
v 25.641 19.18 3.023
v 25.783 19.33 3.082
v 25.741 19.224 3.064
v 25.447 19.18 4
v 25.6 19.33 4
v 25.555 19.224 4
v 25.641 19.18 4.977
v 25.783 19.33 4.918
v 25.741 19.224 4.936
v 26.195 19.18 5.805
v 26.303 19.33 5.697
v 26.271 19.224 5.729
v 27.023 19.18 6.359
v 27.082 19.33 6.217
v 27.064 19.224 6.259
v 28 19.18 6.553
v 28 19.33 6.4
v 28 19.224 6.445
v 28.977 19.18 6.359
v 28.918 19.33 6.217
v 28.936 19.224 6.259
v 29.805 19.18 5.805
v 29.697 19.33 5.697
v 29.729 19.224 5.729
v 30.359 19.18 4.977
v 30.217 19.33 4.918
v 30.259 19.224 4.936
v 30.553 19.18 4
v 30.4 19.33 4
v 30.445 19.224 4
v 30.359 19.18 3.023
v 30.217 19.33 3.082
v 30.259 19.224 3.064
v 29.805 19.18 2.195
v 29.697 19.33 2.303
v 29.729 19.224 2.271
v 28.977 19.18 1.641
v 28.918 19.33 1.783
v 28.936 19.224 1.741
usemtl MB_28
s off
f 2361 2378 2362
f 2378 2364 2362
f 2379 2296 2366
f 2296 2363 2366
f 2382 2396 2363
f 2396 2366 2363
f 2197 2383 2367
f 2383 2368 2367
f 2371 2195 2372
f 2195 2186 2372
f 2377 2376 2208
f 2376 2191 2208
f 2376 2375 2191
f 2375 2192 2191
f 2375 2374 2192
f 2374 2193 2192
f 2374 2373 2193
f 2373 2294 2193
f 2189 2190 2295
f 2188 2189 2295
f 2187 2188 2295
f 2293 2187 2295
f 2183 2369 2298
f 2369 2370 2298
f 2381 2365 2301
f 2365 2297 2301
f 2205 2206 2185
f 2206 2194 2185
f 2380 2381 2304
f 2381 2301 2304
f 2384 2395 2197
f 2395 2383 2197
f 2202 2216 2382
f 2216 2396 2382
f 2181 2182 2198
f 2182 2196 2198
f 2299 2184 2302
f 2184 2199 2302
f 2302 2199 2305
f 2199 2203 2305
f 2198 2196 2387
f 2196 2204 2387
f 2392 2393 2215
f 2393 2212 2215
f 2377 2208 2389
f 2208 2207 2389
f 2389 2207 2388
f 2207 2201 2388
f 2388 2201 2390
f 2201 2200 2390
f 2390 2200 2391
f 2200 2300 2391
f 2209 2295 2190
f 2210 2295 2209
f 2211 2295 2210
f 2303 2295 2211
f 2205 2213 2206
f 2213 2214 2206
f 2380 2304 2394
f 2304 2358 2394
f 2384 2252 2395
f 2252 2397 2395
f 2202 2386 2216
f 2386 2385 2216
f 2355 2305 2253
f 2305 2203 2253
f 2255 2387 2256
f 2387 2204 2256
f 2398 2399 2415
f 2399 2401 2415
f 2416 2403 2349
f 2403 2400 2349
f 2419 2400 2430
f 2400 2403 2430
f 2233 2404 2420
f 2404 2405 2420
f 2408 2409 2231
f 2409 2222 2231
f 2414 2244 2413
f 2244 2227 2413
f 2413 2227 2412
f 2227 2228 2412
f 2412 2228 2411
f 2228 2229 2411
f 2411 2229 2410
f 2229 2347 2410
f 2225 2348 2226
f 2224 2348 2225
f 2223 2348 2224
f 2346 2348 2223
f 2219 2351 2406
f 2351 2407 2406
f 2418 2354 2402
f 2354 2350 2402
f 2241 2221 2242
f 2221 2230 2242
f 2417 2359 2418
f 2359 2354 2418
f 2421 2233 2429
f 2233 2420 2429
f 2238 2419 2254
f 2419 2430 2254
f 2217 2234 2218
f 2234 2232 2218
f 2352 2356 2220
f 2356 2235 2220
f 2356 2360 2235
f 2360 2239 2235
f 2234 2422 2232
f 2422 2240 2232
f 2427 2251 2428
f 2251 2248 2428
f 2414 2424 2244
f 2424 2243 2244
f 2424 2423 2243
f 2423 2237 2243
f 2423 2425 2237
f 2425 2236 2237
f 2425 2426 2236
f 2426 2353 2236
f 2245 2226 2348
f 2246 2245 2348
f 2247 2246 2348
f 2357 2247 2348
f 2241 2242 2249
f 2242 2250 2249
f 2417 2394 2359
f 2394 2358 2359
f 2421 2429 2252
f 2429 2397 2252
f 2238 2254 2386
f 2254 2385 2386
f 2355 2253 2360
f 2253 2239 2360
f 2255 2256 2422
f 2256 2240 2422
f 2361 2431 2378
f 2431 2433 2378
f 2379 2435 2296
f 2435 2432 2296
f 2447 2432 2460
f 2432 2435 2460
f 2273 2436 2448
f 2436 2437 2448
f 2439 2440 2271
f 2440 2262 2271
f 2444 2284 2443
f 2284 2267 2443
f 2443 2267 2442
f 2267 2268 2442
f 2442 2268 2441
f 2268 2269 2441
f 2441 2269 2373
f 2269 2294 2373
f 2265 2295 2266
f 2264 2295 2265
f 2263 2295 2264
f 2293 2295 2263
f 2259 2298 2438
f 2298 2370 2438
f 2446 2301 2434
f 2301 2297 2434
f 2281 2261 2282
f 2261 2270 2282
f 2445 2304 2446
f 2304 2301 2446
f 2449 2273 2459
f 2273 2448 2459
f 2278 2447 2292
f 2447 2460 2292
f 2257 2274 2258
f 2274 2272 2258
f 2299 2302 2260
f 2302 2275 2260
f 2302 2305 2275
f 2305 2279 2275
f 2274 2452 2272
f 2452 2280 2272
f 2456 2291 2457
f 2291 2288 2457
f 2444 2454 2284
f 2454 2283 2284
f 2454 2453 2283
f 2453 2277 2283
f 2453 2455 2277
f 2455 2276 2277
f 2455 2391 2276
f 2391 2300 2276
f 2285 2266 2295
f 2286 2285 2295
f 2287 2286 2295
f 2303 2287 2295
f 2281 2282 2289
f 2282 2290 2289
f 2445 2458 2304
f 2458 2358 2304
f 2449 2459 2341
f 2459 2461 2341
f 2278 2292 2451
f 2292 2450 2451
f 2355 2342 2305
f 2342 2279 2305
f 2344 2345 2452
f 2345 2280 2452
f 2398 2415 2462
f 2415 2464 2462
f 2416 2349 2466
f 2349 2463 2466
f 2478 2488 2463
f 2488 2466 2463
f 2322 2479 2467
f 2479 2468 2467
f 2470 2320 2471
f 2320 2311 2471
f 2475 2474 2333
f 2474 2316 2333
f 2474 2473 2316
f 2473 2317 2316
f 2473 2472 2317
f 2472 2318 2317
f 2472 2410 2318
f 2410 2347 2318
f 2314 2315 2348
f 2313 2314 2348
f 2312 2313 2348
f 2346 2312 2348
f 2308 2469 2351
f 2469 2407 2351
f 2477 2465 2354
f 2465 2350 2354
f 2330 2331 2310
f 2331 2319 2310
f 2476 2477 2359
f 2477 2354 2359
f 2480 2487 2322
f 2487 2479 2322
f 2327 2343 2478
f 2343 2488 2478
f 2306 2307 2323
f 2307 2321 2323
f 2352 2309 2356
f 2309 2324 2356
f 2356 2324 2360
f 2324 2328 2360
f 2323 2321 2481
f 2321 2329 2481
f 2485 2486 2340
f 2486 2337 2340
f 2475 2333 2483
f 2333 2332 2483
f 2483 2332 2482
f 2332 2326 2482
f 2482 2326 2484
f 2326 2325 2484
f 2484 2325 2426
f 2325 2353 2426
f 2334 2348 2315
f 2335 2348 2334
f 2336 2348 2335
f 2357 2348 2336
f 2330 2338 2331
f 2338 2339 2331
f 2476 2359 2458
f 2359 2358 2458
f 2480 2341 2487
f 2341 2461 2487
f 2327 2451 2343
f 2451 2450 2343
f 2355 2360 2342
f 2360 2328 2342
f 2344 2481 2345
f 2481 2329 2345
f 2496 2539 2498
f 2539 2538 2498
f 2525 2529 2556
f 2529 2553 2556
f 2544 2523 2543
f 2523 2520 2543
f 2540 2543 2511
f 2543 2513 2511
f 2528 2526 2532
f 2526 2545 2532
f 2535 2542 2490
f 2542 2539 2490
f 2543 2520 2513
f 2520 2517 2513
f 2502 2537 2505
f 2537 2508 2505
f 2532 2545 2535
f 2545 2542 2535
f 2545 2526 2544
f 2526 2523 2544
f 2490 2539 2492
f 2539 2496 2492
f 2498 2538 2502
f 2538 2537 2502
f 2537 2540 2508
f 2540 2511 2508
f 2493 2494 2495
f 2494 2497 2495
f 2494 2492 2497
f 2492 2496 2497
f 2499 2500 2501
f 2500 2503 2501
f 2500 2498 2503
f 2498 2502 2503
f 2514 2515 2516
f 2515 2518 2516
f 2515 2513 2518
f 2513 2517 2518
f 2501 2503 2504
f 2503 2506 2504
f 2503 2502 2506
f 2502 2505 2506
f 2504 2506 2507
f 2506 2509 2507
f 2506 2505 2509
f 2505 2508 2509
f 2516 2518 2519
f 2518 2521 2519
f 2518 2517 2521
f 2517 2520 2521
f 2519 2521 2522
f 2521 2524 2522
f 2521 2520 2524
f 2520 2523 2524
f 2529 2530 2531
f 2530 2533 2531
f 2530 2528 2533
f 2528 2532 2533
f 2507 2509 2510
f 2509 2512 2510
f 2509 2508 2512
f 2508 2511 2512
f 2510 2512 2514
f 2512 2515 2514
f 2512 2511 2515
f 2511 2513 2515
f 2522 2524 2525
f 2524 2527 2525
f 2524 2523 2527
f 2523 2526 2527
f 2525 2527 2529
f 2527 2530 2529
f 2527 2526 2530
f 2526 2528 2530
f 2531 2533 2534
f 2533 2536 2534
f 2533 2532 2536
f 2532 2535 2536
f 2495 2497 2499
f 2497 2500 2499
f 2497 2496 2500
f 2496 2498 2500
f 2534 2536 2489
f 2536 2491 2489
f 2536 2535 2491
f 2535 2490 2491
f 2489 2491 2493
f 2491 2494 2493
f 2491 2490 2494
f 2490 2492 2494
f 2538 2541 2537
f 2541 2540 2537
f 2541 2544 2540
f 2544 2543 2540
f 2539 2542 2538
f 2542 2541 2538
f 2542 2545 2541
f 2545 2544 2541
f 2550 2546 2551
f 2546 2548 2551
f 2551 2548 2549
f 2548 2547 2549
f 2553 2550 2554
f 2550 2551 2554
f 2554 2551 2552
f 2551 2549 2552
f 2556 2553 2557
f 2553 2554 2557
f 2557 2554 2555
f 2554 2552 2555
f 2559 2556 2560
f 2556 2557 2560
f 2560 2557 2558
f 2557 2555 2558
f 2562 2559 2563
f 2559 2560 2563
f 2563 2560 2561
f 2560 2558 2561
f 2565 2562 2566
f 2562 2563 2566
f 2566 2563 2564
f 2563 2561 2564
f 2568 2565 2569
f 2565 2566 2569
f 2569 2566 2567
f 2566 2564 2567
f 2571 2568 2572
f 2568 2569 2572
f 2572 2569 2570
f 2569 2567 2570
f 2574 2571 2575
f 2571 2572 2575
f 2575 2572 2573
f 2572 2570 2573
f 2577 2574 2578
f 2574 2575 2578
f 2578 2575 2576
f 2575 2573 2576
f 2580 2577 2581
f 2577 2578 2581
f 2581 2578 2579
f 2578 2576 2579
f 2583 2580 2584
f 2580 2581 2584
f 2584 2581 2582
f 2581 2579 2582
f 2586 2583 2587
f 2583 2584 2587
f 2587 2584 2585
f 2584 2582 2585
f 2589 2586 2590
f 2586 2587 2590
f 2590 2587 2588
f 2587 2585 2588
f 2592 2589 2593
f 2589 2590 2593
f 2593 2590 2591
f 2590 2588 2591
f 2546 2592 2548
f 2592 2593 2548
f 2548 2593 2547
f 2593 2591 2547
f 2504 2507 2577
f 2507 2574 2577
f 2529 2531 2553
f 2531 2550 2553
f 2507 2510 2574
f 2510 2571 2574
f 2546 2534 2592
f 2534 2489 2592
f 2531 2534 2550
f 2534 2546 2550
f 2510 2514 2571
f 2514 2568 2571
f 2592 2489 2589
f 2489 2493 2589
f 2514 2516 2568
f 2516 2565 2568
f 2493 2495 2589
f 2495 2586 2589
f 2516 2519 2565
f 2519 2562 2565
f 2495 2499 2586
f 2499 2583 2586
f 2519 2522 2562
f 2522 2559 2562
f 2499 2501 2583
f 2501 2580 2583
f 2522 2525 2559
f 2525 2556 2559
f 2501 2504 2580
f 2504 2577 2580
f 2601 2644 2603
f 2644 2643 2603
f 2630 2634 2661
f 2634 2658 2661
f 2649 2628 2648
f 2628 2625 2648
f 2645 2648 2616
f 2648 2618 2616
f 2633 2631 2637
f 2631 2650 2637
f 2640 2647 2595
f 2647 2644 2595
f 2648 2625 2618
f 2625 2622 2618
f 2607 2642 2610
f 2642 2613 2610
f 2637 2650 2640
f 2650 2647 2640
f 2650 2631 2649
f 2631 2628 2649
f 2595 2644 2597
f 2644 2601 2597
f 2603 2643 2607
f 2643 2642 2607
f 2642 2645 2613
f 2645 2616 2613
f 2598 2599 2600
f 2599 2602 2600
f 2599 2597 2602
f 2597 2601 2602
f 2604 2605 2606
f 2605 2608 2606
f 2605 2603 2608
f 2603 2607 2608
f 2619 2620 2621
f 2620 2623 2621
f 2620 2618 2623
f 2618 2622 2623
f 2606 2608 2609
f 2608 2611 2609
f 2608 2607 2611
f 2607 2610 2611
f 2609 2611 2612
f 2611 2614 2612
f 2611 2610 2614
f 2610 2613 2614
f 2621 2623 2624
f 2623 2626 2624
f 2623 2622 2626
f 2622 2625 2626
f 2624 2626 2627
f 2626 2629 2627
f 2626 2625 2629
f 2625 2628 2629
f 2634 2635 2636
f 2635 2638 2636
f 2635 2633 2638
f 2633 2637 2638
f 2612 2614 2615
f 2614 2617 2615
f 2614 2613 2617
f 2613 2616 2617
f 2615 2617 2619
f 2617 2620 2619
f 2617 2616 2620
f 2616 2618 2620
f 2627 2629 2630
f 2629 2632 2630
f 2629 2628 2632
f 2628 2631 2632
f 2630 2632 2634
f 2632 2635 2634
f 2632 2631 2635
f 2631 2633 2635
f 2636 2638 2639
f 2638 2641 2639
f 2638 2637 2641
f 2637 2640 2641
f 2600 2602 2604
f 2602 2605 2604
f 2602 2601 2605
f 2601 2603 2605
f 2639 2641 2594
f 2641 2596 2594
f 2641 2640 2596
f 2640 2595 2596
f 2594 2596 2598
f 2596 2599 2598
f 2596 2595 2599
f 2595 2597 2599
f 2643 2646 2642
f 2646 2645 2642
f 2646 2649 2645
f 2649 2648 2645
f 2644 2647 2643
f 2647 2646 2643
f 2647 2650 2646
f 2650 2649 2646
f 2655 2651 2656
f 2651 2653 2656
f 2656 2653 2654
f 2653 2652 2654
f 2658 2655 2659
f 2655 2656 2659
f 2659 2656 2657
f 2656 2654 2657
f 2661 2658 2662
f 2658 2659 2662
f 2662 2659 2660
f 2659 2657 2660
f 2664 2661 2665
f 2661 2662 2665
f 2665 2662 2663
f 2662 2660 2663
f 2667 2664 2668
f 2664 2665 2668
f 2668 2665 2666
f 2665 2663 2666
f 2670 2667 2671
f 2667 2668 2671
f 2671 2668 2669
f 2668 2666 2669
f 2673 2670 2674
f 2670 2671 2674
f 2674 2671 2672
f 2671 2669 2672
f 2676 2673 2677
f 2673 2674 2677
f 2677 2674 2675
f 2674 2672 2675
f 2679 2676 2680
f 2676 2677 2680
f 2680 2677 2678
f 2677 2675 2678
f 2682 2679 2683
f 2679 2680 2683
f 2683 2680 2681
f 2680 2678 2681
f 2685 2682 2686
f 2682 2683 2686
f 2686 2683 2684
f 2683 2681 2684
f 2688 2685 2689
f 2685 2686 2689
f 2689 2686 2687
f 2686 2684 2687
f 2691 2688 2692
f 2688 2689 2692
f 2692 2689 2690
f 2689 2687 2690
f 2694 2691 2695
f 2691 2692 2695
f 2695 2692 2693
f 2692 2690 2693
f 2697 2694 2698
f 2694 2695 2698
f 2698 2695 2696
f 2695 2693 2696
f 2651 2697 2653
f 2697 2698 2653
f 2653 2698 2652
f 2698 2696 2652
f 2609 2612 2682
f 2612 2679 2682
f 2634 2636 2658
f 2636 2655 2658
f 2612 2615 2679
f 2615 2676 2679
f 2651 2639 2697
f 2639 2594 2697
f 2636 2639 2655
f 2639 2651 2655
f 2615 2619 2676
f 2619 2673 2676
f 2697 2594 2694
f 2594 2598 2694
f 2619 2621 2673
f 2621 2670 2673
f 2598 2600 2694
f 2600 2691 2694
f 2621 2624 2670
f 2624 2667 2670
f 2600 2604 2691
f 2604 2688 2691
f 2624 2627 2667
f 2627 2664 2667
f 2604 2606 2688
f 2606 2685 2688
f 2627 2630 2664
f 2630 2661 2664
f 2606 2609 2685
f 2609 2682 2685
f 2706 2749 2708
f 2749 2748 2708
f 2735 2739 2766
f 2739 2763 2766
f 2754 2733 2753
f 2733 2730 2753
f 2750 2753 2721
f 2753 2723 2721
f 2738 2736 2742
f 2736 2755 2742
f 2745 2752 2700
f 2752 2749 2700
f 2753 2730 2723
f 2730 2727 2723
f 2712 2747 2715
f 2747 2718 2715
f 2742 2755 2745
f 2755 2752 2745
f 2755 2736 2754
f 2736 2733 2754
f 2700 2749 2702
f 2749 2706 2702
f 2708 2748 2712
f 2748 2747 2712
f 2747 2750 2718
f 2750 2721 2718
f 2703 2704 2705
f 2704 2707 2705
f 2704 2702 2707
f 2702 2706 2707
f 2709 2710 2711
f 2710 2713 2711
f 2710 2708 2713
f 2708 2712 2713
f 2724 2725 2726
f 2725 2728 2726
f 2725 2723 2728
f 2723 2727 2728
f 2711 2713 2714
f 2713 2716 2714
f 2713 2712 2716
f 2712 2715 2716
f 2714 2716 2717
f 2716 2719 2717
f 2716 2715 2719
f 2715 2718 2719
f 2726 2728 2729
f 2728 2731 2729
f 2728 2727 2731
f 2727 2730 2731
f 2729 2731 2732
f 2731 2734 2732
f 2731 2730 2734
f 2730 2733 2734
f 2739 2740 2741
f 2740 2743 2741
f 2740 2738 2743
f 2738 2742 2743
f 2717 2719 2720
f 2719 2722 2720
f 2719 2718 2722
f 2718 2721 2722
f 2720 2722 2724
f 2722 2725 2724
f 2722 2721 2725
f 2721 2723 2725
f 2732 2734 2735
f 2734 2737 2735
f 2734 2733 2737
f 2733 2736 2737
f 2735 2737 2739
f 2737 2740 2739
f 2737 2736 2740
f 2736 2738 2740
f 2741 2743 2744
f 2743 2746 2744
f 2743 2742 2746
f 2742 2745 2746
f 2705 2707 2709
f 2707 2710 2709
f 2707 2706 2710
f 2706 2708 2710
f 2744 2746 2699
f 2746 2701 2699
f 2746 2745 2701
f 2745 2700 2701
f 2699 2701 2703
f 2701 2704 2703
f 2701 2700 2704
f 2700 2702 2704
f 2748 2751 2747
f 2751 2750 2747
f 2751 2754 2750
f 2754 2753 2750
f 2749 2752 2748
f 2752 2751 2748
f 2752 2755 2751
f 2755 2754 2751
f 2760 2756 2761
f 2756 2758 2761
f 2761 2758 2759
f 2758 2757 2759
f 2763 2760 2764
f 2760 2761 2764
f 2764 2761 2762
f 2761 2759 2762
f 2766 2763 2767
f 2763 2764 2767
f 2767 2764 2765
f 2764 2762 2765
f 2769 2766 2770
f 2766 2767 2770
f 2770 2767 2768
f 2767 2765 2768
f 2772 2769 2773
f 2769 2770 2773
f 2773 2770 2771
f 2770 2768 2771
f 2775 2772 2776
f 2772 2773 2776
f 2776 2773 2774
f 2773 2771 2774
f 2778 2775 2779
f 2775 2776 2779
f 2779 2776 2777
f 2776 2774 2777
f 2781 2778 2782
f 2778 2779 2782
f 2782 2779 2780
f 2779 2777 2780
f 2784 2781 2785
f 2781 2782 2785
f 2785 2782 2783
f 2782 2780 2783
f 2787 2784 2788
f 2784 2785 2788
f 2788 2785 2786
f 2785 2783 2786
f 2790 2787 2791
f 2787 2788 2791
f 2791 2788 2789
f 2788 2786 2789
f 2793 2790 2794
f 2790 2791 2794
f 2794 2791 2792
f 2791 2789 2792
f 2796 2793 2797
f 2793 2794 2797
f 2797 2794 2795
f 2794 2792 2795
f 2799 2796 2800
f 2796 2797 2800
f 2800 2797 2798
f 2797 2795 2798
f 2802 2799 2803
f 2799 2800 2803
f 2803 2800 2801
f 2800 2798 2801
f 2756 2802 2758
f 2802 2803 2758
f 2758 2803 2757
f 2803 2801 2757
f 2714 2717 2787
f 2717 2784 2787
f 2739 2741 2763
f 2741 2760 2763
f 2717 2720 2784
f 2720 2781 2784
f 2756 2744 2802
f 2744 2699 2802
f 2741 2744 2760
f 2744 2756 2760
f 2720 2724 2781
f 2724 2778 2781
f 2802 2699 2799
f 2699 2703 2799
f 2724 2726 2778
f 2726 2775 2778
f 2703 2705 2799
f 2705 2796 2799
f 2726 2729 2775
f 2729 2772 2775
f 2705 2709 2796
f 2709 2793 2796
f 2729 2732 2772
f 2732 2769 2772
f 2709 2711 2793
f 2711 2790 2793
f 2732 2735 2769
f 2735 2766 2769
f 2711 2714 2790
f 2714 2787 2790
